surrogate_key,country_region_code,country_region,sub_region_1,sub_region_2,metro_area,iso_3166_2_code,census_fips_code,place_id,date,retail_and_recreation_percent_change_from_baseline,grocery_and_pharmacy_percent_change_from_baseline,parks_percent_change_from_baseline,transit_stations_percent_change_from_baseline,workplaces_percent_change_from_baseline,residential_percent_change_from_baseline
0,CA,Canada,Ontario,Toronto Division,,,,ChIJ5b2RG4_L1IkRDtQ2gFEjLv4,2020-02-15,0.0,2.0,15.0,1.0,0.0,-1.0
1,CA,Canada,Ontario,Toronto Division,,,,ChIJ5b2RG4_L1IkRDtQ2gFEjLv4,2020-02-16,11.0,10.0,35.0,8.0,-4.0,-3.0
2,CA,Canada,Ontario,Toronto Division,,,,ChIJ5b2RG4_L1IkRDtQ2gFEjLv4,2020-02-17,-26.0,-45.0,49.0,-50.0,-76.0,17.0
3,CA,Canada,Ontario,Toronto Division,,,,ChIJ5b2RG4_L1IkRDtQ2gFEjLv4,2020-02-18,-3.0,11.0,-2.0,1.0,-1.0,0.0
4,CA,Canada,Ontario,Toronto Division,,,,ChIJ5b2RG4_L1IkRDtQ2gFEjLv4,2020-02-19,-1.0,3.0,-3.0,-2.0,0.0,1.0
5,CA,Canada,Ontario,Toronto Division,,,,ChIJ5b2RG4_L1IkRDtQ2gFEjLv4,2020-02-20,2.0,5.0,2.0,-1.0,2.0,0.0
6,CA,Canada,Ontario,Toronto Division,,,,ChIJ5b2RG4_L1IkRDtQ2gFEjLv4,2020-02-21,1.0,-1.0,20.0,2.0,-6.0,2.0
7,CA,Canada,Ontario,Toronto Division,,,,ChIJ5b2RG4_L1IkRDtQ2gFEjLv4,2020-02-22,8.0,8.0,56.0,13.0,7.0,-1.0
8,CA,Canada,Ontario,Toronto Division,,,,ChIJ5b2RG4_L1IkRDtQ2gFEjLv4,2020-02-23,9.0,7.0,64.0,13.0,3.0,-2.0
9,CA,Canada,Ontario,Toronto Division,,,,ChIJ5b2RG4_L1IkRDtQ2gFEjLv4,2020-02-24,1.0,2.0,22.0,-2.0,1.0,0.0
10,CA,Canada,Ontario,Toronto Division,,,,ChIJ5b2RG4_L1IkRDtQ2gFEjLv4,2020-02-25,1.0,5.0,5.0,2.0,1.0,0.0
11,CA,Canada,Ontario,Toronto Division,,,,ChIJ5b2RG4_L1IkRDtQ2gFEjLv4,2020-02-26,-10.0,-7.0,-13.0,-7.0,-4.0,3.0
12,CA,Canada,Ontario,Toronto Division,,,,ChIJ5b2RG4_L1IkRDtQ2gFEjLv4,2020-02-27,-8.0,-6.0,-13.0,-3.0,-3.0,3.0
13,CA,Canada,Ontario,Toronto Division,,,,ChIJ5b2RG4_L1IkRDtQ2gFEjLv4,2020-02-28,-5.0,-1.0,-8.0,-1.0,0.0,1.0
14,CA,Canada,Ontario,Toronto Division,,,,ChIJ5b2RG4_L1IkRDtQ2gFEjLv4,2020-02-29,3.0,8.0,16.0,3.0,7.0,-1.0
15,CA,Canada,Ontario,Toronto Division,,,,ChIJ5b2RG4_L1IkRDtQ2gFEjLv4,2020-03-01,5.0,12.0,28.0,4.0,4.0,-1.0
16,CA,Canada,Ontario,Toronto Division,,,,ChIJ5b2RG4_L1IkRDtQ2gFEjLv4,2020-03-02,0.0,6.0,2.0,0.0,3.0,0.0
17,CA,Canada,Ontario,Toronto Division,,,,ChIJ5b2RG4_L1IkRDtQ2gFEjLv4,2020-03-03,-2.0,3.0,-4.0,1.0,3.0,0.0
18,CA,Canada,Ontario,Toronto Division,,,,ChIJ5b2RG4_L1IkRDtQ2gFEjLv4,2020-03-04,3.0,5.0,3.0,0.0,2.0,0.0
19,CA,Canada,Ontario,Toronto Division,,,,ChIJ5b2RG4_L1IkRDtQ2gFEjLv4,2020-03-05,4.0,10.0,24.0,2.0,-1.0,1.0
20,CA,Canada,Ontario,Toronto Division,,,,ChIJ5b2RG4_L1IkRDtQ2gFEjLv4,2020-03-06,-4.0,-1.0,-4.0,-3.0,2.0,1.0
21,CA,Canada,Ontario,Toronto Division,,,,ChIJ5b2RG4_L1IkRDtQ2gFEjLv4,2020-03-07,7.0,8.0,50.0,8.0,7.0,-1.0
22,CA,Canada,Ontario,Toronto Division,,,,ChIJ5b2RG4_L1IkRDtQ2gFEjLv4,2020-03-08,8.0,9.0,102.0,8.0,3.0,-1.0
23,CA,Canada,Ontario,Toronto Division,,,,ChIJ5b2RG4_L1IkRDtQ2gFEjLv4,2020-03-09,1.0,5.0,48.0,-3.0,1.0,1.0
24,CA,Canada,Ontario,Toronto Division,,,,ChIJ5b2RG4_L1IkRDtQ2gFEjLv4,2020-03-10,-2.0,2.0,0.0,-5.0,0.0,1.0
25,CA,Canada,Ontario,Toronto Division,,,,ChIJ5b2RG4_L1IkRDtQ2gFEjLv4,2020-03-11,-2.0,5.0,-2.0,-6.0,-1.0,2.0
26,CA,Canada,Ontario,Toronto Division,,,,ChIJ5b2RG4_L1IkRDtQ2gFEjLv4,2020-03-12,-1.0,30.0,4.0,-8.0,-1.0,2.0
27,CA,Canada,Ontario,Toronto Division,,,,ChIJ5b2RG4_L1IkRDtQ2gFEjLv4,2020-03-13,-9.0,40.0,-13.0,-18.0,-9.0,5.0
28,CA,Canada,Ontario,Toronto Division,,,,ChIJ5b2RG4_L1IkRDtQ2gFEjLv4,2020-03-14,-17.0,23.0,1.0,-23.0,-3.0,4.0
29,CA,Canada,Ontario,Toronto Division,,,,ChIJ5b2RG4_L1IkRDtQ2gFEjLv4,2020-03-15,-20.0,11.0,38.0,-25.0,-10.0,4.0
30,CA,Canada,Ontario,Toronto Division,,,,ChIJ5b2RG4_L1IkRDtQ2gFEjLv4,2020-03-16,-23.0,19.0,-4.0,-45.0,-37.0,13.0
31,CA,Canada,Ontario,Toronto Division,,,,ChIJ5b2RG4_L1IkRDtQ2gFEjLv4,2020-03-17,-39.0,7.0,-4.0,-54.0,-46.0,17.0
32,CA,Canada,Ontario,Toronto Division,,,,ChIJ5b2RG4_L1IkRDtQ2gFEjLv4,2020-03-18,-45.0,-5.0,-12.0,-58.0,-52.0,21.0
33,CA,Canada,Ontario,Toronto Division,,,,ChIJ5b2RG4_L1IkRDtQ2gFEjLv4,2020-03-19,-48.0,-4.0,-3.0,-61.0,-54.0,22.0
34,CA,Canada,Ontario,Toronto Division,,,,ChIJ5b2RG4_L1IkRDtQ2gFEjLv4,2020-03-20,-53.0,-12.0,-17.0,-62.0,-57.0,24.0
35,CA,Canada,Ontario,Toronto Division,,,,ChIJ5b2RG4_L1IkRDtQ2gFEjLv4,2020-03-21,-56.0,-16.0,16.0,-56.0,-39.0,14.0
36,CA,Canada,Ontario,Toronto Division,,,,ChIJ5b2RG4_L1IkRDtQ2gFEjLv4,2020-03-22,-60.0,-27.0,-10.0,-60.0,-43.0,12.0
37,CA,Canada,Ontario,Toronto Division,,,,ChIJ5b2RG4_L1IkRDtQ2gFEjLv4,2020-03-23,-56.0,-22.0,-52.0,-69.0,-62.0,25.0
38,CA,Canada,Ontario,Toronto Division,,,,ChIJ5b2RG4_L1IkRDtQ2gFEjLv4,2020-03-24,-56.0,-18.0,-11.0,-69.0,-63.0,25.0
39,CA,Canada,Ontario,Toronto Division,,,,ChIJ5b2RG4_L1IkRDtQ2gFEjLv4,2020-03-25,-62.0,-29.0,-5.0,-72.0,-67.0,28.0
40,CA,Canada,Ontario,Toronto Division,,,,ChIJ5b2RG4_L1IkRDtQ2gFEjLv4,2020-03-26,-63.0,-28.0,-20.0,-72.0,-67.0,29.0
41,CA,Canada,Ontario,Toronto Division,,,,ChIJ5b2RG4_L1IkRDtQ2gFEjLv4,2020-03-27,-62.0,-27.0,1.0,-70.0,-67.0,29.0
42,CA,Canada,Ontario,Toronto Division,,,,ChIJ5b2RG4_L1IkRDtQ2gFEjLv4,2020-03-28,-67.0,-34.0,-43.0,-68.0,-51.0,18.0
43,CA,Canada,Ontario,Toronto Division,,,,ChIJ5b2RG4_L1IkRDtQ2gFEjLv4,2020-03-29,-66.0,-38.0,-10.0,-66.0,-51.0,14.0
44,CA,Canada,Ontario,Toronto Division,,,,ChIJ5b2RG4_L1IkRDtQ2gFEjLv4,2020-03-30,-64.0,-35.0,-46.0,-74.0,-69.0,28.0
45,CA,Canada,Ontario,Toronto Division,,,,ChIJ5b2RG4_L1IkRDtQ2gFEjLv4,2020-03-31,-61.0,-27.0,-41.0,-72.0,-69.0,27.0
46,CA,Canada,Ontario,Toronto Division,,,,ChIJ5b2RG4_L1IkRDtQ2gFEjLv4,2020-04-01,-60.0,-28.0,-9.0,-72.0,-69.0,28.0
47,CA,Canada,Ontario,Toronto Division,,,,ChIJ5b2RG4_L1IkRDtQ2gFEjLv4,2020-04-02,-61.0,-27.0,-11.0,-73.0,-68.0,29.0
48,CA,Canada,Ontario,Toronto Division,,,,ChIJ5b2RG4_L1IkRDtQ2gFEjLv4,2020-04-03,-64.0,-30.0,-40.0,-73.0,-68.0,30.0
49,CA,Canada,Ontario,Toronto Division,,,,ChIJ5b2RG4_L1IkRDtQ2gFEjLv4,2020-04-04,-65.0,-32.0,-29.0,-67.0,-51.0,18.0
50,CA,Canada,Ontario,Toronto Division,,,,ChIJ5b2RG4_L1IkRDtQ2gFEjLv4,2020-04-05,-67.0,-36.0,-11.0,-67.0,-52.0,14.0
51,CA,Canada,Ontario,Toronto Division,,,,ChIJ5b2RG4_L1IkRDtQ2gFEjLv4,2020-04-06,-63.0,-31.0,-15.0,-74.0,-69.0,27.0
52,CA,Canada,Ontario,Toronto Division,,,,ChIJ5b2RG4_L1IkRDtQ2gFEjLv4,2020-04-07,-64.0,-29.0,-29.0,-74.0,-69.0,28.0
53,CA,Canada,Ontario,Toronto Division,,,,ChIJ5b2RG4_L1IkRDtQ2gFEjLv4,2020-04-08,-62.0,-25.0,-14.0,-73.0,-70.0,28.0
54,CA,Canada,Ontario,Toronto Division,,,,ChIJ5b2RG4_L1IkRDtQ2gFEjLv4,2020-04-09,-56.0,-10.0,-39.0,-72.0,-70.0,28.0
55,CA,Canada,Ontario,Toronto Division,,,,ChIJ5b2RG4_L1IkRDtQ2gFEjLv4,2020-04-10,-84.0,-71.0,-38.0,-84.0,-88.0,39.0
56,CA,Canada,Ontario,Toronto Division,,,,ChIJ5b2RG4_L1IkRDtQ2gFEjLv4,2020-04-11,-64.0,-23.0,-27.0,-65.0,-53.0,18.0
57,CA,Canada,Ontario,Toronto Division,,,,ChIJ5b2RG4_L1IkRDtQ2gFEjLv4,2020-04-12,-82.0,-69.0,-21.0,-72.0,-58.0,16.0
58,CA,Canada,Ontario,Toronto Division,,,,ChIJ5b2RG4_L1IkRDtQ2gFEjLv4,2020-04-13,-67.0,-34.0,-55.0,-78.0,-73.0,30.0
59,CA,Canada,Ontario,Toronto Division,,,,ChIJ5b2RG4_L1IkRDtQ2gFEjLv4,2020-04-14,-62.0,-25.0,-39.0,-74.0,-69.0,28.0
60,CA,Canada,Ontario,Toronto Division,,,,ChIJ5b2RG4_L1IkRDtQ2gFEjLv4,2020-04-15,-63.0,-30.0,-44.0,-75.0,-70.0,29.0
61,CA,Canada,Ontario,Toronto Division,,,,ChIJ5b2RG4_L1IkRDtQ2gFEjLv4,2020-04-16,-64.0,-28.0,-42.0,-75.0,-69.0,30.0
62,CA,Canada,Ontario,Toronto Division,,,,ChIJ5b2RG4_L1IkRDtQ2gFEjLv4,2020-04-17,-65.0,-30.0,-42.0,-73.0,-69.0,31.0
63,CA,Canada,Ontario,Toronto Division,,,,ChIJ5b2RG4_L1IkRDtQ2gFEjLv4,2020-04-18,-65.0,-29.0,-13.0,-64.0,-48.0,17.0
64,CA,Canada,Ontario,Toronto Division,,,,ChIJ5b2RG4_L1IkRDtQ2gFEjLv4,2020-04-19,-69.0,-41.0,-38.0,-68.0,-49.0,15.0
65,CA,Canada,Ontario,Toronto Division,,,,ChIJ5b2RG4_L1IkRDtQ2gFEjLv4,2020-04-20,-62.0,-30.0,-16.0,-73.0,-68.0,27.0
66,CA,Canada,Ontario,Toronto Division,,,,ChIJ5b2RG4_L1IkRDtQ2gFEjLv4,2020-04-21,-65.0,-33.0,-51.0,-75.0,-69.0,28.0
67,CA,Canada,Ontario,Toronto Division,,,,ChIJ5b2RG4_L1IkRDtQ2gFEjLv4,2020-04-22,-62.0,-28.0,-30.0,-74.0,-68.0,29.0
68,CA,Canada,Ontario,Toronto Division,,,,ChIJ5b2RG4_L1IkRDtQ2gFEjLv4,2020-04-23,-63.0,-26.0,-36.0,-74.0,-68.0,29.0
69,CA,Canada,Ontario,Toronto Division,,,,ChIJ5b2RG4_L1IkRDtQ2gFEjLv4,2020-04-24,-64.0,-29.0,-29.0,-72.0,-67.0,30.0
70,CA,Canada,Ontario,Toronto Division,,,,ChIJ5b2RG4_L1IkRDtQ2gFEjLv4,2020-04-25,-63.0,-27.0,24.0,-61.0,-47.0,16.0
71,CA,Canada,Ontario,Toronto Division,,,,ChIJ5b2RG4_L1IkRDtQ2gFEjLv4,2020-04-26,-68.0,-40.0,-50.0,-69.0,-49.0,15.0
72,CA,Canada,Ontario,Toronto Division,,,,ChIJ5b2RG4_L1IkRDtQ2gFEjLv4,2020-04-27,-61.0,-26.0,12.0,-71.0,-67.0,26.0
73,CA,Canada,Ontario,Toronto Division,,,,ChIJ5b2RG4_L1IkRDtQ2gFEjLv4,2020-04-28,-61.0,-27.0,-17.0,-72.0,-68.0,27.0
74,CA,Canada,Ontario,Toronto Division,,,,ChIJ5b2RG4_L1IkRDtQ2gFEjLv4,2020-04-29,-62.0,-30.0,-40.0,-73.0,-68.0,29.0
75,CA,Canada,Ontario,Toronto Division,,,,ChIJ5b2RG4_L1IkRDtQ2gFEjLv4,2020-04-30,-61.0,-24.0,-28.0,-72.0,-68.0,29.0
76,CA,Canada,Ontario,Toronto Division,,,,ChIJ5b2RG4_L1IkRDtQ2gFEjLv4,2020-05-01,-60.0,-21.0,3.0,-68.0,-66.0,28.0
77,CA,Canada,Ontario,Toronto Division,,,,ChIJ5b2RG4_L1IkRDtQ2gFEjLv4,2020-05-02,-63.0,-27.0,-13.0,-60.0,-45.0,16.0
78,CA,Canada,Ontario,Toronto Division,,,,ChIJ5b2RG4_L1IkRDtQ2gFEjLv4,2020-05-03,-58.0,-25.0,76.0,-53.0,-40.0,11.0
79,CA,Canada,Ontario,Toronto Division,,,,ChIJ5b2RG4_L1IkRDtQ2gFEjLv4,2020-05-04,-60.0,-25.0,-12.0,-71.0,-66.0,26.0
80,CA,Canada,Ontario,Toronto Division,,,,ChIJ5b2RG4_L1IkRDtQ2gFEjLv4,2020-05-05,-58.0,-21.0,-4.0,-69.0,-66.0,26.0
81,CA,Canada,Ontario,Toronto Division,,,,ChIJ5b2RG4_L1IkRDtQ2gFEjLv4,2020-05-06,-58.0,-22.0,7.0,-69.0,-66.0,27.0
82,CA,Canada,Ontario,Toronto Division,,,,ChIJ5b2RG4_L1IkRDtQ2gFEjLv4,2020-05-07,-59.0,-21.0,-16.0,-70.0,-66.0,28.0
83,CA,Canada,Ontario,Toronto Division,,,,ChIJ5b2RG4_L1IkRDtQ2gFEjLv4,2020-05-08,-60.0,-22.0,-33.0,-69.0,-65.0,29.0
84,CA,Canada,Ontario,Toronto Division,,,,ChIJ5b2RG4_L1IkRDtQ2gFEjLv4,2020-05-09,-60.0,-23.0,-41.0,-63.0,-42.0,17.0
85,CA,Canada,Ontario,Toronto Division,,,,ChIJ5b2RG4_L1IkRDtQ2gFEjLv4,2020-05-10,-57.0,-24.0,-22.0,-59.0,-38.0,12.0
86,CA,Canada,Ontario,Toronto Division,,,,ChIJ5b2RG4_L1IkRDtQ2gFEjLv4,2020-05-11,-60.0,-29.0,-30.0,-71.0,-65.0,27.0
87,CA,Canada,Ontario,Toronto Division,,,,ChIJ5b2RG4_L1IkRDtQ2gFEjLv4,2020-05-12,-57.0,-22.0,-14.0,-69.0,-64.0,26.0
88,CA,Canada,Ontario,Toronto Division,,,,ChIJ5b2RG4_L1IkRDtQ2gFEjLv4,2020-05-13,-54.0,-19.0,25.0,-67.0,-64.0,26.0
89,CA,Canada,Ontario,Toronto Division,,,,ChIJ5b2RG4_L1IkRDtQ2gFEjLv4,2020-05-14,-57.0,-23.0,-33.0,-70.0,-64.0,28.0
90,CA,Canada,Ontario,Toronto Division,,,,ChIJ5b2RG4_L1IkRDtQ2gFEjLv4,2020-05-15,-56.0,-20.0,-21.0,-68.0,-64.0,28.0
91,CA,Canada,Ontario,Toronto Division,,,,ChIJ5b2RG4_L1IkRDtQ2gFEjLv4,2020-05-16,-53.0,-16.0,91.0,-49.0,-38.0,12.0
92,CA,Canada,Ontario,Toronto Division,,,,ChIJ5b2RG4_L1IkRDtQ2gFEjLv4,2020-05-17,-54.0,-20.0,14.0,-57.0,-38.0,11.0
93,CA,Canada,Ontario,Toronto Division,,,,ChIJ5b2RG4_L1IkRDtQ2gFEjLv4,2020-05-18,-76.0,-62.0,-44.0,-82.0,-85.0,33.0
94,CA,Canada,Ontario,Toronto Division,,,,ChIJ5b2RG4_L1IkRDtQ2gFEjLv4,2020-05-19,-50.0,-11.0,5.0,-66.0,-63.0,24.0
95,CA,Canada,Ontario,Toronto Division,,,,ChIJ5b2RG4_L1IkRDtQ2gFEjLv4,2020-05-20,-47.0,-10.0,63.0,-63.0,-62.0,24.0
96,CA,Canada,Ontario,Toronto Division,,,,ChIJ5b2RG4_L1IkRDtQ2gFEjLv4,2020-05-21,-48.0,-9.0,68.0,-64.0,-62.0,24.0
97,CA,Canada,Ontario,Toronto Division,,,,ChIJ5b2RG4_L1IkRDtQ2gFEjLv4,2020-05-22,-50.0,-14.0,64.0,-61.0,-60.0,24.0
98,CA,Canada,Ontario,Toronto Division,,,,ChIJ5b2RG4_L1IkRDtQ2gFEjLv4,2020-05-23,-48.0,-14.0,127.0,-45.0,-31.0,11.0
99,CA,Canada,Ontario,Toronto Division,,,,ChIJ5b2RG4_L1IkRDtQ2gFEjLv4,2020-05-24,-49.0,-21.0,102.0,-48.0,-31.0,9.0
100,CA,Canada,Ontario,Toronto Division,,,,ChIJ5b2RG4_L1IkRDtQ2gFEjLv4,2020-05-25,-47.0,-16.0,69.0,-63.0,-62.0,22.0
101,CA,Canada,Ontario,Toronto Division,,,,ChIJ5b2RG4_L1IkRDtQ2gFEjLv4,2020-05-26,-46.0,-14.0,68.0,-63.0,-60.0,22.0
102,CA,Canada,Ontario,Toronto Division,,,,ChIJ5b2RG4_L1IkRDtQ2gFEjLv4,2020-05-27,-46.0,-14.0,60.0,-63.0,-60.0,23.0
103,CA,Canada,Ontario,Toronto Division,,,,ChIJ5b2RG4_L1IkRDtQ2gFEjLv4,2020-05-28,-50.0,-18.0,-12.0,-66.0,-60.0,25.0
104,CA,Canada,Ontario,Toronto Division,,,,ChIJ5b2RG4_L1IkRDtQ2gFEjLv4,2020-05-29,-50.0,-17.0,-6.0,-63.0,-59.0,25.0
105,CA,Canada,Ontario,Toronto Division,,,,ChIJ5b2RG4_L1IkRDtQ2gFEjLv4,2020-05-30,-47.0,-13.0,68.0,-44.0,-24.0,11.0
106,CA,Canada,Ontario,Toronto Division,,,,ChIJ5b2RG4_L1IkRDtQ2gFEjLv4,2020-05-31,-46.0,-17.0,79.0,-46.0,-22.0,8.0
107,CA,Canada,Ontario,Toronto Division,,,,ChIJ5b2RG4_L1IkRDtQ2gFEjLv4,2020-06-01,-44.0,-12.0,78.0,-61.0,-58.0,21.0
108,CA,Canada,Ontario,Toronto Division,,,,ChIJ5b2RG4_L1IkRDtQ2gFEjLv4,2020-06-02,-46.0,-15.0,48.0,-62.0,-59.0,22.0
109,CA,Canada,Ontario,Toronto Division,,,,ChIJ5b2RG4_L1IkRDtQ2gFEjLv4,2020-06-03,-46.0,-15.0,51.0,-62.0,-59.0,23.0
110,CA,Canada,Ontario,Toronto Division,,,,ChIJ5b2RG4_L1IkRDtQ2gFEjLv4,2020-06-04,-45.0,-9.0,85.0,-61.0,-58.0,22.0
111,CA,Canada,Ontario,Toronto Division,,,,ChIJ5b2RG4_L1IkRDtQ2gFEjLv4,2020-06-05,-47.0,-14.0,46.0,-60.0,-57.0,23.0
112,CA,Canada,Ontario,Toronto Division,,,,ChIJ5b2RG4_L1IkRDtQ2gFEjLv4,2020-06-06,-44.0,-12.0,129.0,-44.0,-22.0,9.0
113,CA,Canada,Ontario,Toronto Division,,,,ChIJ5b2RG4_L1IkRDtQ2gFEjLv4,2020-06-07,-43.0,-16.0,135.0,-45.0,-22.0,7.0
114,CA,Canada,Ontario,Toronto Division,,,,ChIJ5b2RG4_L1IkRDtQ2gFEjLv4,2020-06-08,-42.0,-12.0,89.0,-60.0,-57.0,20.0
115,CA,Canada,Ontario,Toronto Division,,,,ChIJ5b2RG4_L1IkRDtQ2gFEjLv4,2020-06-09,-43.0,-12.0,95.0,-61.0,-57.0,20.0
116,CA,Canada,Ontario,Toronto Division,,,,ChIJ5b2RG4_L1IkRDtQ2gFEjLv4,2020-06-10,-43.0,-14.0,49.0,-62.0,-57.0,22.0
117,CA,Canada,Ontario,Toronto Division,,,,ChIJ5b2RG4_L1IkRDtQ2gFEjLv4,2020-06-11,-42.0,-8.0,85.0,-60.0,-56.0,22.0
118,CA,Canada,Ontario,Toronto Division,,,,ChIJ5b2RG4_L1IkRDtQ2gFEjLv4,2020-06-12,-43.0,-11.0,75.0,-58.0,-55.0,21.0
119,CA,Canada,Ontario,Toronto Division,,,,ChIJ5b2RG4_L1IkRDtQ2gFEjLv4,2020-06-13,-42.0,-11.0,131.0,-42.0,-17.0,8.0
120,CA,Canada,Ontario,Toronto Division,,,,ChIJ5b2RG4_L1IkRDtQ2gFEjLv4,2020-06-14,-41.0,-15.0,134.0,-43.0,-17.0,6.0
121,CA,Canada,Ontario,Toronto Division,,,,ChIJ5b2RG4_L1IkRDtQ2gFEjLv4,2020-06-15,-41.0,-12.0,91.0,-59.0,-56.0,20.0
122,CA,Canada,Ontario,Toronto Division,,,,ChIJ5b2RG4_L1IkRDtQ2gFEjLv4,2020-06-16,-40.0,-10.0,104.0,-59.0,-55.0,20.0
123,CA,Canada,Ontario,Toronto Division,,,,ChIJ5b2RG4_L1IkRDtQ2gFEjLv4,2020-06-17,-41.0,-11.0,97.0,-59.0,-56.0,21.0
124,CA,Canada,Ontario,Toronto Division,,,,ChIJ5b2RG4_L1IkRDtQ2gFEjLv4,2020-06-18,-40.0,-6.0,105.0,-59.0,-55.0,20.0
125,CA,Canada,Ontario,Toronto Division,,,,ChIJ5b2RG4_L1IkRDtQ2gFEjLv4,2020-06-19,-43.0,-9.0,96.0,-56.0,-54.0,19.0
126,CA,Canada,Ontario,Toronto Division,,,,ChIJ5b2RG4_L1IkRDtQ2gFEjLv4,2020-06-20,-42.0,-10.0,138.0,-40.0,-15.0,6.0
127,CA,Canada,Ontario,Toronto Division,,,,ChIJ5b2RG4_L1IkRDtQ2gFEjLv4,2020-06-21,-42.0,-17.0,113.0,-43.0,-12.0,4.0
128,CA,Canada,Ontario,Toronto Division,,,,ChIJ5b2RG4_L1IkRDtQ2gFEjLv4,2020-06-22,-43.0,-16.0,64.0,-61.0,-57.0,20.0
129,CA,Canada,Ontario,Toronto Division,,,,ChIJ5b2RG4_L1IkRDtQ2gFEjLv4,2020-06-23,-44.0,-15.0,28.0,-61.0,-57.0,21.0
130,CA,Canada,Ontario,Toronto Division,,,,ChIJ5b2RG4_L1IkRDtQ2gFEjLv4,2020-06-24,-37.0,-9.0,71.0,-57.0,-55.0,20.0
131,CA,Canada,Ontario,Toronto Division,,,,ChIJ5b2RG4_L1IkRDtQ2gFEjLv4,2020-06-25,-36.0,-5.0,96.0,-56.0,-54.0,19.0
132,CA,Canada,Ontario,Toronto Division,,,,ChIJ5b2RG4_L1IkRDtQ2gFEjLv4,2020-06-26,-38.0,-9.0,105.0,-53.0,-53.0,18.0
133,CA,Canada,Ontario,Toronto Division,,,,ChIJ5b2RG4_L1IkRDtQ2gFEjLv4,2020-06-27,-38.0,-11.0,113.0,-38.0,-15.0,7.0
134,CA,Canada,Ontario,Toronto Division,,,,ChIJ5b2RG4_L1IkRDtQ2gFEjLv4,2020-06-28,-36.0,-14.0,154.0,-35.0,-10.0,3.0
135,CA,Canada,Ontario,Toronto Division,,,,ChIJ5b2RG4_L1IkRDtQ2gFEjLv4,2020-06-29,-33.0,-7.0,101.0,-57.0,-55.0,17.0
136,CA,Canada,Ontario,Toronto Division,,,,ChIJ5b2RG4_L1IkRDtQ2gFEjLv4,2020-06-30,-24.0,14.0,109.0,-54.0,-54.0,15.0
137,CA,Canada,Ontario,Toronto Division,,,,ChIJ5b2RG4_L1IkRDtQ2gFEjLv4,2020-07-01,-56.0,-46.0,220.0,-66.0,-76.0,21.0
138,CA,Canada,Ontario,Toronto Division,,,,ChIJ5b2RG4_L1IkRDtQ2gFEjLv4,2020-07-02,-31.0,3.0,82.0,-57.0,-56.0,18.0
139,CA,Canada,Ontario,Toronto Division,,,,ChIJ5b2RG4_L1IkRDtQ2gFEjLv4,2020-07-03,-35.0,-4.0,92.0,-55.0,-57.0,18.0
140,CA,Canada,Ontario,Toronto Division,,,,ChIJ5b2RG4_L1IkRDtQ2gFEjLv4,2020-07-04,-36.0,-10.0,141.0,-39.0,-15.0,5.0
141,CA,Canada,Ontario,Toronto Division,,,,ChIJ5b2RG4_L1IkRDtQ2gFEjLv4,2020-07-05,-35.0,-14.0,129.0,-40.0,-13.0,3.0
142,CA,Canada,Ontario,Toronto Division,,,,ChIJ5b2RG4_L1IkRDtQ2gFEjLv4,2020-07-06,-33.0,-6.0,100.0,-57.0,-55.0,17.0
143,CA,Canada,Ontario,Toronto Division,,,,ChIJ5b2RG4_L1IkRDtQ2gFEjLv4,2020-07-07,-34.0,-6.0,95.0,-56.0,-55.0,17.0
144,CA,Canada,Ontario,Toronto Division,,,,ChIJ5b2RG4_L1IkRDtQ2gFEjLv4,2020-07-08,-34.0,-9.0,68.0,-57.0,-55.0,18.0
145,CA,Canada,Ontario,Toronto Division,,,,ChIJ5b2RG4_L1IkRDtQ2gFEjLv4,2020-07-09,-33.0,-2.0,87.0,-56.0,-54.0,18.0
146,CA,Canada,Ontario,Toronto Division,,,,ChIJ5b2RG4_L1IkRDtQ2gFEjLv4,2020-07-10,-36.0,-7.0,79.0,-55.0,-53.0,18.0
147,CA,Canada,Ontario,Toronto Division,,,,ChIJ5b2RG4_L1IkRDtQ2gFEjLv4,2020-07-11,-38.0,-11.0,30.0,-44.0,-15.0,8.0
148,CA,Canada,Ontario,Toronto Division,,,,ChIJ5b2RG4_L1IkRDtQ2gFEjLv4,2020-07-12,-32.0,-10.0,131.0,-37.0,-11.0,3.0
149,CA,Canada,Ontario,Toronto Division,,,,ChIJ5b2RG4_L1IkRDtQ2gFEjLv4,2020-07-13,-34.0,-8.0,86.0,-57.0,-54.0,17.0
150,CA,Canada,Ontario,Toronto Division,,,,ChIJ5b2RG4_L1IkRDtQ2gFEjLv4,2020-07-14,-33.0,-6.0,109.0,-56.0,-54.0,17.0
151,CA,Canada,Ontario,Toronto Division,,,,ChIJ5b2RG4_L1IkRDtQ2gFEjLv4,2020-07-15,-32.0,-8.0,101.0,-56.0,-53.0,17.0
152,CA,Canada,Ontario,Toronto Division,,,,ChIJ5b2RG4_L1IkRDtQ2gFEjLv4,2020-07-16,-36.0,-6.0,22.0,-59.0,-53.0,19.0
153,CA,Canada,Ontario,Toronto Division,,,,ChIJ5b2RG4_L1IkRDtQ2gFEjLv4,2020-07-17,-34.0,-5.0,109.0,-52.0,-52.0,16.0
154,CA,Canada,Ontario,Toronto Division,,,,ChIJ5b2RG4_L1IkRDtQ2gFEjLv4,2020-07-18,-34.0,-9.0,147.0,-35.0,-11.0,4.0
155,CA,Canada,Ontario,Toronto Division,,,,ChIJ5b2RG4_L1IkRDtQ2gFEjLv4,2020-07-19,-38.0,-16.0,66.0,-45.0,-15.0,4.0
156,CA,Canada,Ontario,Toronto Division,,,,ChIJ5b2RG4_L1IkRDtQ2gFEjLv4,2020-07-20,-31.0,-6.0,109.0,-56.0,-53.0,16.0
157,CA,Canada,Ontario,Toronto Division,,,,ChIJ5b2RG4_L1IkRDtQ2gFEjLv4,2020-07-21,-32.0,-5.0,110.0,-56.0,-52.0,16.0
158,CA,Canada,Ontario,Toronto Division,,,,ChIJ5b2RG4_L1IkRDtQ2gFEjLv4,2020-07-22,-36.0,-12.0,24.0,-59.0,-54.0,19.0
159,CA,Canada,Ontario,Toronto Division,,,,ChIJ5b2RG4_L1IkRDtQ2gFEjLv4,2020-07-23,-31.0,-2.0,105.0,-55.0,-52.0,17.0
160,CA,Canada,Ontario,Toronto Division,,,,ChIJ5b2RG4_L1IkRDtQ2gFEjLv4,2020-07-24,-34.0,-7.0,106.0,-53.0,-51.0,16.0
161,CA,Canada,Ontario,Toronto Division,,,,ChIJ5b2RG4_L1IkRDtQ2gFEjLv4,2020-07-25,-33.0,-9.0,156.0,-35.0,-12.0,3.0
162,CA,Canada,Ontario,Toronto Division,,,,ChIJ5b2RG4_L1IkRDtQ2gFEjLv4,2020-07-26,-33.0,-13.0,130.0,-37.0,-12.0,2.0
163,CA,Canada,Ontario,Toronto Division,,,,ChIJ5b2RG4_L1IkRDtQ2gFEjLv4,2020-07-27,-35.0,-10.0,60.0,-58.0,-54.0,17.0
164,CA,Canada,Ontario,Toronto Division,,,,ChIJ5b2RG4_L1IkRDtQ2gFEjLv4,2020-07-28,-32.0,-5.0,104.0,-55.0,-53.0,16.0
165,CA,Canada,Ontario,Toronto Division,,,,ChIJ5b2RG4_L1IkRDtQ2gFEjLv4,2020-07-29,-30.0,-7.0,85.0,-56.0,-54.0,17.0
166,CA,Canada,Ontario,Toronto Division,,,,ChIJ5b2RG4_L1IkRDtQ2gFEjLv4,2020-07-30,-28.0,-1.0,101.0,-54.0,-53.0,16.0
167,CA,Canada,Ontario,Toronto Division,,,,ChIJ5b2RG4_L1IkRDtQ2gFEjLv4,2020-07-31,-29.0,-4.0,105.0,-51.0,-52.0,14.0
168,CA,Canada,Ontario,Toronto Division,,,,ChIJ5b2RG4_L1IkRDtQ2gFEjLv4,2020-08-01,-32.0,-12.0,135.0,-34.0,-14.0,2.0
169,CA,Canada,Ontario,Toronto Division,,,,ChIJ5b2RG4_L1IkRDtQ2gFEjLv4,2020-08-02,-33.0,-16.0,23.0,-45.0,-18.0,4.0
170,CA,Canada,Ontario,Toronto Division,,,,ChIJ5b2RG4_L1IkRDtQ2gFEjLv4,2020-08-03,-43.0,-31.0,85.0,-69.0,-77.0,20.0
171,CA,Canada,Ontario,Toronto Division,,,,ChIJ5b2RG4_L1IkRDtQ2gFEjLv4,2020-08-04,-32.0,-7.0,13.0,-57.0,-55.0,17.0
172,CA,Canada,Ontario,Toronto Division,,,,ChIJ5b2RG4_L1IkRDtQ2gFEjLv4,2020-08-05,-26.0,-5.0,103.0,-53.0,-53.0,16.0
173,CA,Canada,Ontario,Toronto Division,,,,ChIJ5b2RG4_L1IkRDtQ2gFEjLv4,2020-08-06,-26.0,-3.0,111.0,-53.0,-52.0,16.0
174,CA,Canada,Ontario,Toronto Division,,,,ChIJ5b2RG4_L1IkRDtQ2gFEjLv4,2020-08-07,-30.0,-9.0,104.0,-51.0,-51.0,15.0
175,CA,Canada,Ontario,Toronto Division,,,,ChIJ5b2RG4_L1IkRDtQ2gFEjLv4,2020-08-08,-28.0,-11.0,162.0,-32.0,-10.0,2.0
176,CA,Canada,Ontario,Toronto Division,,,,ChIJ5b2RG4_L1IkRDtQ2gFEjLv4,2020-08-09,-28.0,-15.0,128.0,-35.0,-11.0,1.0
177,CA,Canada,Ontario,Toronto Division,,,,ChIJ5b2RG4_L1IkRDtQ2gFEjLv4,2020-08-10,-29.0,-11.0,91.0,-56.0,-53.0,15.0
178,CA,Canada,Ontario,Toronto Division,,,,ChIJ5b2RG4_L1IkRDtQ2gFEjLv4,2020-08-11,-29.0,-9.0,89.0,-55.0,-53.0,16.0
179,CA,Canada,Ontario,Toronto Division,,,,ChIJ5b2RG4_L1IkRDtQ2gFEjLv4,2020-08-12,-27.0,-10.0,102.0,-54.0,-53.0,16.0
180,CA,Canada,Ontario,Toronto Division,,,,ChIJ5b2RG4_L1IkRDtQ2gFEjLv4,2020-08-13,-27.0,-7.0,104.0,-53.0,-52.0,16.0
181,CA,Canada,Ontario,Toronto Division,,,,ChIJ5b2RG4_L1IkRDtQ2gFEjLv4,2020-08-14,-29.0,-10.0,100.0,-50.0,-51.0,14.0
182,CA,Canada,Ontario,Toronto Division,,,,ChIJ5b2RG4_L1IkRDtQ2gFEjLv4,2020-08-15,-27.0,-12.0,155.0,-31.0,-11.0,1.0
183,CA,Canada,Ontario,Toronto Division,,,,ChIJ5b2RG4_L1IkRDtQ2gFEjLv4,2020-08-16,-27.0,-15.0,79.0,-38.0,-13.0,2.0
184,CA,Canada,Ontario,Toronto Division,,,,ChIJ5b2RG4_L1IkRDtQ2gFEjLv4,2020-08-17,-31.0,-15.0,49.0,-56.0,-54.0,16.0
185,CA,Canada,Ontario,Toronto Division,,,,ChIJ5b2RG4_L1IkRDtQ2gFEjLv4,2020-08-18,-27.0,-9.0,93.0,-53.0,-52.0,15.0
186,CA,Canada,Ontario,Toronto Division,,,,ChIJ5b2RG4_L1IkRDtQ2gFEjLv4,2020-08-19,-27.0,-11.0,92.0,-53.0,-52.0,15.0
187,CA,Canada,Ontario,Toronto Division,,,,ChIJ5b2RG4_L1IkRDtQ2gFEjLv4,2020-08-20,-25.0,-4.0,106.0,-52.0,-51.0,15.0
188,CA,Canada,Ontario,Toronto Division,,,,ChIJ5b2RG4_L1IkRDtQ2gFEjLv4,2020-08-21,-29.0,-8.0,87.0,-50.0,-50.0,14.0
189,CA,Canada,Ontario,Toronto Division,,,,ChIJ5b2RG4_L1IkRDtQ2gFEjLv4,2020-08-22,-27.0,-11.0,141.0,-30.0,-9.0,2.0
190,CA,Canada,Ontario,Toronto Division,,,,ChIJ5b2RG4_L1IkRDtQ2gFEjLv4,2020-08-23,-26.0,-14.0,122.0,-33.0,-10.0,0.0
191,CA,Canada,Ontario,Toronto Division,,,,ChIJ5b2RG4_L1IkRDtQ2gFEjLv4,2020-08-24,-28.0,-10.0,86.0,-54.0,-52.0,15.0
192,CA,Canada,Ontario,Toronto Division,,,,ChIJ5b2RG4_L1IkRDtQ2gFEjLv4,2020-08-25,-26.0,-7.0,103.0,-52.0,-52.0,14.0
193,CA,Canada,Ontario,Toronto Division,,,,ChIJ5b2RG4_L1IkRDtQ2gFEjLv4,2020-08-26,-28.0,-12.0,49.0,-54.0,-51.0,16.0
194,CA,Canada,Ontario,Toronto Division,,,,ChIJ5b2RG4_L1IkRDtQ2gFEjLv4,2020-08-27,-26.0,-5.0,80.0,-52.0,-50.0,15.0
195,CA,Canada,Ontario,Toronto Division,,,,ChIJ5b2RG4_L1IkRDtQ2gFEjLv4,2020-08-28,-28.0,-8.0,79.0,-49.0,-50.0,14.0
196,CA,Canada,Ontario,Toronto Division,,,,ChIJ5b2RG4_L1IkRDtQ2gFEjLv4,2020-08-29,-26.0,-8.0,103.0,-32.0,-10.0,3.0
197,CA,Canada,Ontario,Toronto Division,,,,ChIJ5b2RG4_L1IkRDtQ2gFEjLv4,2020-08-30,-22.0,-11.0,142.0,-28.0,-9.0,0.0
198,CA,Canada,Ontario,Toronto Division,,,,ChIJ5b2RG4_L1IkRDtQ2gFEjLv4,2020-08-31,-24.0,-7.0,92.0,-51.0,-52.0,13.0
199,CA,Canada,Ontario,Toronto Division,,,,ChIJ5b2RG4_L1IkRDtQ2gFEjLv4,2020-09-01,-25.0,-6.0,95.0,-50.0,-52.0,14.0
200,CA,Canada,Ontario,Toronto Division,,,,ChIJ5b2RG4_L1IkRDtQ2gFEjLv4,2020-09-02,-25.0,-8.0,62.0,-53.0,-52.0,15.0
201,CA,Canada,Ontario,Toronto Division,,,,ChIJ5b2RG4_L1IkRDtQ2gFEjLv4,2020-09-03,-23.0,-4.0,92.0,-50.0,-50.0,14.0
202,CA,Canada,Ontario,Toronto Division,,,,ChIJ5b2RG4_L1IkRDtQ2gFEjLv4,2020-09-04,-24.0,-5.0,82.0,-48.0,-50.0,13.0
203,CA,Canada,Ontario,Toronto Division,,,,ChIJ5b2RG4_L1IkRDtQ2gFEjLv4,2020-09-05,-26.0,-11.0,100.0,-33.0,-12.0,2.0
204,CA,Canada,Ontario,Toronto Division,,,,ChIJ5b2RG4_L1IkRDtQ2gFEjLv4,2020-09-06,-19.0,-9.0,138.0,-28.0,-12.0,-1.0
205,CA,Canada,Ontario,Toronto Division,,,,ChIJ5b2RG4_L1IkRDtQ2gFEjLv4,2020-09-07,-53.0,-48.0,67.0,-71.0,-81.0,21.0
206,CA,Canada,Ontario,Toronto Division,,,,ChIJ5b2RG4_L1IkRDtQ2gFEjLv4,2020-09-08,-25.0,1.0,33.0,-53.0,-52.0,14.0
207,CA,Canada,Ontario,Toronto Division,,,,ChIJ5b2RG4_L1IkRDtQ2gFEjLv4,2020-09-09,-27.0,-7.0,43.0,-53.0,-51.0,15.0
208,CA,Canada,Ontario,Toronto Division,,,,ChIJ5b2RG4_L1IkRDtQ2gFEjLv4,2020-09-10,-25.0,-3.0,60.0,-51.0,-49.0,15.0
209,CA,Canada,Ontario,Toronto Division,,,,ChIJ5b2RG4_L1IkRDtQ2gFEjLv4,2020-09-11,-26.0,-7.0,68.0,-48.0,-48.0,14.0
210,CA,Canada,Ontario,Toronto Division,,,,ChIJ5b2RG4_L1IkRDtQ2gFEjLv4,2020-09-12,-22.0,-6.0,125.0,-30.0,-6.0,3.0
211,CA,Canada,Ontario,Toronto Division,,,,ChIJ5b2RG4_L1IkRDtQ2gFEjLv4,2020-09-13,-23.0,-10.0,85.0,-34.0,-10.0,3.0
212,CA,Canada,Ontario,Toronto Division,,,,ChIJ5b2RG4_L1IkRDtQ2gFEjLv4,2020-09-14,-26.0,-7.0,57.0,-53.0,-48.0,15.0
213,CA,Canada,Ontario,Toronto Division,,,,ChIJ5b2RG4_L1IkRDtQ2gFEjLv4,2020-09-15,-25.0,-6.0,63.0,-52.0,-48.0,15.0
214,CA,Canada,Ontario,Toronto Division,,,,ChIJ5b2RG4_L1IkRDtQ2gFEjLv4,2020-09-16,-26.0,-10.0,74.0,-51.0,-49.0,15.0
215,CA,Canada,Ontario,Toronto Division,,,,ChIJ5b2RG4_L1IkRDtQ2gFEjLv4,2020-09-17,-27.0,-5.0,60.0,-51.0,-48.0,15.0
216,CA,Canada,Ontario,Toronto Division,,,,ChIJ5b2RG4_L1IkRDtQ2gFEjLv4,2020-09-18,-28.0,-9.0,46.0,-49.0,-47.0,14.0
217,CA,Canada,Ontario,Toronto Division,,,,ChIJ5b2RG4_L1IkRDtQ2gFEjLv4,2020-09-19,-24.0,-7.0,92.0,-33.0,-7.0,4.0
218,CA,Canada,Ontario,Toronto Division,,,,ChIJ5b2RG4_L1IkRDtQ2gFEjLv4,2020-09-20,-23.0,-9.0,99.0,-34.0,-9.0,3.0
219,CA,Canada,Ontario,Toronto Division,,,,ChIJ5b2RG4_L1IkRDtQ2gFEjLv4,2020-09-21,-29.0,-9.0,55.0,-53.0,-49.0,15.0
220,CA,Canada,Ontario,Toronto Division,,,,ChIJ5b2RG4_L1IkRDtQ2gFEjLv4,2020-09-22,-29.0,-7.0,59.0,-52.0,-49.0,15.0
221,CA,Canada,Ontario,Toronto Division,,,,ChIJ5b2RG4_L1IkRDtQ2gFEjLv4,2020-09-23,-29.0,-9.0,68.0,-52.0,-48.0,15.0
222,CA,Canada,Ontario,Toronto Division,,,,ChIJ5b2RG4_L1IkRDtQ2gFEjLv4,2020-09-24,-30.0,-6.0,37.0,-52.0,-47.0,16.0
223,CA,Canada,Ontario,Toronto Division,,,,ChIJ5b2RG4_L1IkRDtQ2gFEjLv4,2020-09-25,-30.0,-7.0,61.0,-49.0,-46.0,14.0
224,CA,Canada,Ontario,Toronto Division,,,,ChIJ5b2RG4_L1IkRDtQ2gFEjLv4,2020-09-26,-25.0,-6.0,115.0,-32.0,-4.0,3.0
225,CA,Canada,Ontario,Toronto Division,,,,ChIJ5b2RG4_L1IkRDtQ2gFEjLv4,2020-09-27,-25.0,-8.0,108.0,-34.0,-7.0,2.0
226,CA,Canada,Ontario,Toronto Division,,,,ChIJ5b2RG4_L1IkRDtQ2gFEjLv4,2020-09-28,-32.0,-8.0,50.0,-54.0,-48.0,15.0
227,CA,Canada,Ontario,Toronto Division,,,,ChIJ5b2RG4_L1IkRDtQ2gFEjLv4,2020-09-29,-31.0,-6.0,33.0,-53.0,-48.0,15.0
228,CA,Canada,Ontario,Toronto Division,,,,ChIJ5b2RG4_L1IkRDtQ2gFEjLv4,2020-09-30,-32.0,-9.0,0.0,-54.0,-48.0,17.0
229,CA,Canada,Ontario,Toronto Division,,,,ChIJ5b2RG4_L1IkRDtQ2gFEjLv4,2020-10-01,-29.0,-1.0,32.0,-53.0,-45.0,16.0
230,CA,Canada,Ontario,Toronto Division,,,,ChIJ5b2RG4_L1IkRDtQ2gFEjLv4,2020-10-02,-33.0,-8.0,14.0,-51.0,-45.0,16.0
231,CA,Canada,Ontario,Toronto Division,,,,ChIJ5b2RG4_L1IkRDtQ2gFEjLv4,2020-10-03,-28.0,-7.0,66.0,-36.0,-7.0,6.0
232,CA,Canada,Ontario,Toronto Division,,,,ChIJ5b2RG4_L1IkRDtQ2gFEjLv4,2020-10-04,-33.0,-12.0,-12.0,-43.0,-14.0,6.0
233,CA,Canada,Ontario,Toronto Division,,,,ChIJ5b2RG4_L1IkRDtQ2gFEjLv4,2020-10-05,-32.0,-5.0,36.0,-54.0,-47.0,16.0
234,CA,Canada,Ontario,Toronto Division,,,,ChIJ5b2RG4_L1IkRDtQ2gFEjLv4,2020-10-06,-33.0,-6.0,39.0,-53.0,-47.0,15.0
235,CA,Canada,Ontario,Toronto Division,,,,ChIJ5b2RG4_L1IkRDtQ2gFEjLv4,2020-10-07,-34.0,-9.0,12.0,-55.0,-47.0,17.0
236,CA,Canada,Ontario,Toronto Division,,,,ChIJ5b2RG4_L1IkRDtQ2gFEjLv4,2020-10-08,-33.0,-3.0,14.0,-53.0,-46.0,17.0
237,CA,Canada,Ontario,Toronto Division,,,,ChIJ5b2RG4_L1IkRDtQ2gFEjLv4,2020-10-09,-31.0,1.0,40.0,-50.0,-45.0,15.0
238,CA,Canada,Ontario,Toronto Division,,,,ChIJ5b2RG4_L1IkRDtQ2gFEjLv4,2020-10-10,-35.0,-4.0,68.0,-39.0,-9.0,5.0
239,CA,Canada,Ontario,Toronto Division,,,,ChIJ5b2RG4_L1IkRDtQ2gFEjLv4,2020-10-11,-34.0,-5.0,48.0,-40.0,-12.0,3.0
240,CA,Canada,Ontario,Toronto Division,,,,ChIJ5b2RG4_L1IkRDtQ2gFEjLv4,2020-10-12,-66.0,-54.0,52.0,-75.0,-82.0,24.0
241,CA,Canada,Ontario,Toronto Division,,,,ChIJ5b2RG4_L1IkRDtQ2gFEjLv4,2020-10-13,-36.0,-2.0,51.0,-53.0,-49.0,16.0
242,CA,Canada,Ontario,Toronto Division,,,,ChIJ5b2RG4_L1IkRDtQ2gFEjLv4,2020-10-14,-36.0,-8.0,36.0,-54.0,-47.0,17.0
243,CA,Canada,Ontario,Toronto Division,,,,ChIJ5b2RG4_L1IkRDtQ2gFEjLv4,2020-10-15,-41.0,-13.0,-30.0,-56.0,-48.0,20.0
244,CA,Canada,Ontario,Toronto Division,,,,ChIJ5b2RG4_L1IkRDtQ2gFEjLv4,2020-10-16,-36.0,-5.0,32.0,-51.0,-45.0,17.0
245,CA,Canada,Ontario,Toronto Division,,,,ChIJ5b2RG4_L1IkRDtQ2gFEjLv4,2020-10-17,-31.0,-5.0,91.0,-37.0,-8.0,6.0
246,CA,Canada,Ontario,Toronto Division,,,,ChIJ5b2RG4_L1IkRDtQ2gFEjLv4,2020-10-18,-35.0,-12.0,39.0,-42.0,-15.0,7.0
247,CA,Canada,Ontario,Toronto Division,,,,ChIJ5b2RG4_L1IkRDtQ2gFEjLv4,2020-10-19,-40.0,-13.0,-18.0,-57.0,-49.0,18.0
248,CA,Canada,Ontario,Toronto Division,,,,ChIJ5b2RG4_L1IkRDtQ2gFEjLv4,2020-10-20,-36.0,-7.0,25.0,-54.0,-48.0,17.0
249,CA,Canada,Ontario,Toronto Division,,,,ChIJ5b2RG4_L1IkRDtQ2gFEjLv4,2020-10-21,-38.0,-12.0,12.0,-55.0,-48.0,19.0
250,CA,Canada,Ontario,Toronto Division,,,,ChIJ5b2RG4_L1IkRDtQ2gFEjLv4,2020-10-22,-38.0,-7.0,5.0,-54.0,-46.0,19.0
251,CA,Canada,Ontario,Toronto Division,,,,ChIJ5b2RG4_L1IkRDtQ2gFEjLv4,2020-10-23,-35.0,-8.0,69.0,-50.0,-45.0,16.0
252,CA,Canada,Ontario,Toronto Division,,,,ChIJ5b2RG4_L1IkRDtQ2gFEjLv4,2020-10-24,-33.0,-5.0,49.0,-38.0,-9.0,7.0
253,CA,Canada,Ontario,Toronto Division,,,,ChIJ5b2RG4_L1IkRDtQ2gFEjLv4,2020-10-25,-34.0,-11.0,30.0,-41.0,-15.0,6.0
254,CA,Canada,Ontario,Toronto Division,,,,ChIJ5b2RG4_L1IkRDtQ2gFEjLv4,2020-10-26,-39.0,-11.0,0.0,-56.0,-48.0,17.0
255,CA,Canada,Ontario,Toronto Division,,,,ChIJ5b2RG4_L1IkRDtQ2gFEjLv4,2020-10-27,-41.0,-14.0,-18.0,-56.0,-48.0,18.0
256,CA,Canada,Ontario,Toronto Division,,,,ChIJ5b2RG4_L1IkRDtQ2gFEjLv4,2020-10-28,-34.0,-6.0,25.0,-54.0,-46.0,17.0
257,CA,Canada,Ontario,Toronto Division,,,,ChIJ5b2RG4_L1IkRDtQ2gFEjLv4,2020-10-29,-37.0,-7.0,-8.0,-55.0,-46.0,18.0
258,CA,Canada,Ontario,Toronto Division,,,,ChIJ5b2RG4_L1IkRDtQ2gFEjLv4,2020-10-30,-37.0,-6.0,-10.0,-53.0,-45.0,17.0
259,CA,Canada,Ontario,Toronto Division,,,,ChIJ5b2RG4_L1IkRDtQ2gFEjLv4,2020-10-31,-31.0,-2.0,47.0,-36.0,-8.0,6.0
260,CA,Canada,Ontario,Toronto Division,,,,ChIJ5b2RG4_L1IkRDtQ2gFEjLv4,2020-11-01,-38.0,-12.0,-23.0,-45.0,-17.0,7.0
261,CA,Canada,Ontario,Toronto Division,,,,ChIJ5b2RG4_L1IkRDtQ2gFEjLv4,2020-11-02,-39.0,-13.0,-23.0,-57.0,-48.0,18.0
262,CA,Canada,Ontario,Toronto Division,,,,ChIJ5b2RG4_L1IkRDtQ2gFEjLv4,2020-11-03,-39.0,-10.0,-8.0,-55.0,-47.0,17.0
263,CA,Canada,Ontario,Toronto Division,,,,ChIJ5b2RG4_L1IkRDtQ2gFEjLv4,2020-11-04,-36.0,-11.0,34.0,-54.0,-47.0,18.0
264,CA,Canada,Ontario,Toronto Division,,,,ChIJ5b2RG4_L1IkRDtQ2gFEjLv4,2020-11-05,-36.0,-8.0,25.0,-54.0,-45.0,18.0
265,CA,Canada,Ontario,Toronto Division,,,,ChIJ5b2RG4_L1IkRDtQ2gFEjLv4,2020-11-06,-35.0,-8.0,46.0,-51.0,-44.0,17.0
266,CA,Canada,Ontario,Toronto Division,,,,ChIJ5b2RG4_L1IkRDtQ2gFEjLv4,2020-11-07,-29.0,-6.0,112.0,-33.0,-7.0,6.0
267,CA,Canada,Ontario,Toronto Division,,,,ChIJ5b2RG4_L1IkRDtQ2gFEjLv4,2020-11-08,-28.0,-8.0,115.0,-36.0,-11.0,4.0
268,CA,Canada,Ontario,Toronto Division,,,,ChIJ5b2RG4_L1IkRDtQ2gFEjLv4,2020-11-09,-36.0,-10.0,45.0,-55.0,-47.0,17.0
269,CA,Canada,Ontario,Toronto Division,,,,ChIJ5b2RG4_L1IkRDtQ2gFEjLv4,2020-11-10,-34.0,-7.0,63.0,-53.0,-46.0,16.0
270,CA,Canada,Ontario,Toronto Division,,,,ChIJ5b2RG4_L1IkRDtQ2gFEjLv4,2020-11-11,-35.0,-9.0,25.0,-56.0,-48.0,18.0
271,CA,Canada,Ontario,Toronto Division,,,,ChIJ5b2RG4_L1IkRDtQ2gFEjLv4,2020-11-12,-37.0,-6.0,11.0,-55.0,-45.0,18.0
272,CA,Canada,Ontario,Toronto Division,,,,ChIJ5b2RG4_L1IkRDtQ2gFEjLv4,2020-11-13,-38.0,-8.0,-4.0,-53.0,-45.0,18.0
273,CA,Canada,Ontario,Toronto Division,,,,ChIJ5b2RG4_L1IkRDtQ2gFEjLv4,2020-11-14,-33.0,-5.0,43.0,-41.0,-10.0,8.0
274,CA,Canada,Ontario,Toronto Division,,,,ChIJ5b2RG4_L1IkRDtQ2gFEjLv4,2020-11-15,-44.0,-22.0,-40.0,-51.0,-19.0,9.0
275,CA,Canada,Ontario,Toronto Division,,,,ChIJ5b2RG4_L1IkRDtQ2gFEjLv4,2020-11-16,-40.0,-14.0,-23.0,-59.0,-48.0,18.0
276,CA,Canada,Ontario,Toronto Division,,,,ChIJ5b2RG4_L1IkRDtQ2gFEjLv4,2020-11-17,-41.0,-13.0,-22.0,-58.0,-48.0,18.0
277,CA,Canada,Ontario,Toronto Division,,,,ChIJ5b2RG4_L1IkRDtQ2gFEjLv4,2020-11-18,-41.0,-15.0,-23.0,-59.0,-48.0,19.0
278,CA,Canada,Ontario,Toronto Division,,,,ChIJ5b2RG4_L1IkRDtQ2gFEjLv4,2020-11-19,-37.0,-8.0,3.0,-57.0,-46.0,19.0
279,CA,Canada,Ontario,Toronto Division,,,,ChIJ5b2RG4_L1IkRDtQ2gFEjLv4,2020-11-20,-34.0,-5.0,33.0,-54.0,-47.0,18.0
280,CA,Canada,Ontario,Toronto Division,,,,ChIJ5b2RG4_L1IkRDtQ2gFEjLv4,2020-11-21,-30.0,-2.0,11.0,-41.0,-8.0,8.0
281,CA,Canada,Ontario,Toronto Division,,,,ChIJ5b2RG4_L1IkRDtQ2gFEjLv4,2020-11-22,-42.0,-23.0,-34.0,-49.0,-17.0,9.0
282,CA,Canada,Ontario,Toronto Division,,,,ChIJ5b2RG4_L1IkRDtQ2gFEjLv4,2020-11-23,-51.0,-21.0,-28.0,-62.0,-50.0,20.0
283,CA,Canada,Ontario,Toronto Division,,,,ChIJ5b2RG4_L1IkRDtQ2gFEjLv4,2020-11-24,-49.0,-18.0,-25.0,-62.0,-50.0,20.0
284,CA,Canada,Ontario,Toronto Division,,,,ChIJ5b2RG4_L1IkRDtQ2gFEjLv4,2020-11-25,-49.0,-21.0,-30.0,-62.0,-49.0,21.0
285,CA,Canada,Ontario,Toronto Division,,,,ChIJ5b2RG4_L1IkRDtQ2gFEjLv4,2020-11-26,-44.0,-10.0,-9.0,-60.0,-48.0,20.0
286,CA,Canada,Ontario,Toronto Division,,,,ChIJ5b2RG4_L1IkRDtQ2gFEjLv4,2020-11-27,-45.0,-14.0,-8.0,-59.0,-47.0,20.0
287,CA,Canada,Ontario,Toronto Division,,,,ChIJ5b2RG4_L1IkRDtQ2gFEjLv4,2020-11-28,-43.0,-11.0,34.0,-49.0,-14.0,10.0
288,CA,Canada,Ontario,Toronto Division,,,,ChIJ5b2RG4_L1IkRDtQ2gFEjLv4,2020-11-29,-43.0,-15.0,42.0,-50.0,-19.0,8.0
289,CA,Canada,Ontario,Toronto Division,,,,ChIJ5b2RG4_L1IkRDtQ2gFEjLv4,2020-11-30,-48.0,-24.0,-49.0,-63.0,-50.0,20.0
290,CA,Canada,Ontario,Toronto Division,,,,ChIJ5b2RG4_L1IkRDtQ2gFEjLv4,2020-12-01,-51.0,-20.0,-28.0,-61.0,-51.0,21.0
291,CA,Canada,Ontario,Toronto Division,,,,ChIJ5b2RG4_L1IkRDtQ2gFEjLv4,2020-12-02,-46.0,-13.0,-16.0,-60.0,-49.0,20.0
292,CA,Canada,Ontario,Toronto Division,,,,ChIJ5b2RG4_L1IkRDtQ2gFEjLv4,2020-12-03,-45.0,-10.0,-13.0,-59.0,-48.0,20.0
293,CA,Canada,Ontario,Toronto Division,,,,ChIJ5b2RG4_L1IkRDtQ2gFEjLv4,2020-12-04,-49.0,-18.0,-30.0,-60.0,-48.0,21.0
294,CA,Canada,Ontario,Toronto Division,,,,ChIJ5b2RG4_L1IkRDtQ2gFEjLv4,2020-12-05,-45.0,-10.0,4.0,-49.0,-15.0,10.0
295,CA,Canada,Ontario,Toronto Division,,,,ChIJ5b2RG4_L1IkRDtQ2gFEjLv4,2020-12-06,-47.0,-16.0,9.0,-52.0,-21.0,8.0
296,CA,Canada,Ontario,Toronto Division,,,,ChIJ5b2RG4_L1IkRDtQ2gFEjLv4,2020-12-07,-48.0,-17.0,-23.0,-62.0,-49.0,19.0
297,CA,Canada,Ontario,Toronto Division,,,,ChIJ5b2RG4_L1IkRDtQ2gFEjLv4,2020-12-08,-47.0,-15.0,-14.0,-61.0,-49.0,19.0
298,CA,Canada,Ontario,Toronto Division,,,,ChIJ5b2RG4_L1IkRDtQ2gFEjLv4,2020-12-09,-50.0,-21.0,-29.0,-62.0,-50.0,21.0
299,CA,Canada,Ontario,Toronto Division,,,,ChIJ5b2RG4_L1IkRDtQ2gFEjLv4,2020-12-10,-46.0,-10.0,-13.0,-60.0,-48.0,20.0
300,CA,Canada,Ontario,Toronto Division,,,,ChIJ5b2RG4_L1IkRDtQ2gFEjLv4,2020-12-11,-45.0,-11.0,4.0,-58.0,-47.0,20.0
301,CA,Canada,Ontario,Toronto Division,,,,ChIJ5b2RG4_L1IkRDtQ2gFEjLv4,2020-12-12,-50.0,-18.0,-33.0,-55.0,-18.0,12.0
302,CA,Canada,Ontario,Toronto Division,,,,ChIJ5b2RG4_L1IkRDtQ2gFEjLv4,2020-12-13,-46.0,-14.0,2.0,-52.0,-20.0,8.0
303,CA,Canada,Ontario,Toronto Division,,,,ChIJ5b2RG4_L1IkRDtQ2gFEjLv4,2020-12-14,-47.0,-14.0,-23.0,-62.0,-50.0,19.0
304,CA,Canada,Ontario,Toronto Division,,,,ChIJ5b2RG4_L1IkRDtQ2gFEjLv4,2020-12-15,-46.0,-12.0,-22.0,-61.0,-50.0,19.0
305,CA,Canada,Ontario,Toronto Division,,,,ChIJ5b2RG4_L1IkRDtQ2gFEjLv4,2020-12-16,-49.0,-20.0,-42.0,-64.0,-50.0,21.0
306,CA,Canada,Ontario,Toronto Division,,,,ChIJ5b2RG4_L1IkRDtQ2gFEjLv4,2020-12-17,-45.0,-8.0,-21.0,-60.0,-49.0,21.0
307,CA,Canada,Ontario,Toronto Division,,,,ChIJ5b2RG4_L1IkRDtQ2gFEjLv4,2020-12-18,-45.0,-10.0,-12.0,-59.0,-48.0,20.0
308,CA,Canada,Ontario,Toronto Division,,,,ChIJ5b2RG4_L1IkRDtQ2gFEjLv4,2020-12-19,-46.0,-10.0,-6.0,-51.0,-16.0,11.0
309,CA,Canada,Ontario,Toronto Division,,,,ChIJ5b2RG4_L1IkRDtQ2gFEjLv4,2020-12-20,-45.0,-14.0,-5.0,-52.0,-20.0,9.0
310,CA,Canada,Ontario,Toronto Division,,,,ChIJ5b2RG4_L1IkRDtQ2gFEjLv4,2020-12-21,-39.0,-1.0,-4.0,-62.0,-54.0,19.0
311,CA,Canada,Ontario,Toronto Division,,,,ChIJ5b2RG4_L1IkRDtQ2gFEjLv4,2020-12-22,-37.0,7.0,-6.0,-61.0,-55.0,18.0
312,CA,Canada,Ontario,Toronto Division,,,,ChIJ5b2RG4_L1IkRDtQ2gFEjLv4,2020-12-23,-32.0,19.0,1.0,-60.0,-55.0,18.0
313,CA,Canada,Ontario,Toronto Division,,,,ChIJ5b2RG4_L1IkRDtQ2gFEjLv4,2020-12-24,-40.0,16.0,-30.0,-67.0,-67.0,23.0
314,CA,Canada,Ontario,Toronto Division,,,,ChIJ5b2RG4_L1IkRDtQ2gFEjLv4,2020-12-25,-84.0,-74.0,-2.0,-84.0,-86.0,32.0
315,CA,Canada,Ontario,Toronto Division,,,,ChIJ5b2RG4_L1IkRDtQ2gFEjLv4,2020-12-26,-68.0,-44.0,-1.0,-67.0,-43.0,15.0
316,CA,Canada,Ontario,Toronto Division,,,,ChIJ5b2RG4_L1IkRDtQ2gFEjLv4,2020-12-27,-56.0,-29.0,12.0,-60.0,-27.0,10.0
317,CA,Canada,Ontario,Toronto Division,,,,ChIJ5b2RG4_L1IkRDtQ2gFEjLv4,2020-12-28,-52.0,-16.0,-15.0,-75.0,-74.0,27.0
318,CA,Canada,Ontario,Toronto Division,,,,ChIJ5b2RG4_L1IkRDtQ2gFEjLv4,2020-12-29,-47.0,-8.0,5.0,-68.0,-64.0,23.0
319,CA,Canada,Ontario,Toronto Division,,,,ChIJ5b2RG4_L1IkRDtQ2gFEjLv4,2020-12-30,-47.0,-6.0,-33.0,-69.0,-64.0,25.0
320,CA,Canada,Ontario,Toronto Division,,,,ChIJ5b2RG4_L1IkRDtQ2gFEjLv4,2020-12-31,-41.0,11.0,5.0,-68.0,-67.0,25.0
321,CA,Canada,Ontario,Toronto Division,,,,ChIJ5b2RG4_L1IkRDtQ2gFEjLv4,2021-01-01,-80.0,-71.0,-4.0,-84.0,-86.0,34.0
322,CA,Canada,Ontario,Toronto Division,,,,ChIJ5b2RG4_L1IkRDtQ2gFEjLv4,2021-01-02,-58.0,-23.0,14.0,-62.0,-32.0,15.0
323,CA,Canada,Ontario,Toronto Division,,,,ChIJ5b2RG4_L1IkRDtQ2gFEjLv4,2021-01-03,-58.0,-27.0,-9.0,-61.0,-27.0,12.0
324,CA,Canada,Ontario,Toronto Division,,,,ChIJ5b2RG4_L1IkRDtQ2gFEjLv4,2021-01-04,-53.0,-18.0,-22.0,-66.0,-55.0,22.0
325,CA,Canada,Ontario,Toronto Division,,,,ChIJ5b2RG4_L1IkRDtQ2gFEjLv4,2021-01-05,-53.0,-17.0,-21.0,-66.0,-55.0,22.0
326,CA,Canada,Ontario,Toronto Division,,,,ChIJ5b2RG4_L1IkRDtQ2gFEjLv4,2021-01-06,-54.0,-21.0,-23.0,-67.0,-55.0,23.0
327,CA,Canada,Ontario,Toronto Division,,,,ChIJ5b2RG4_L1IkRDtQ2gFEjLv4,2021-01-07,-53.0,-15.0,-12.0,-66.0,-54.0,24.0
328,CA,Canada,Ontario,Toronto Division,,,,ChIJ5b2RG4_L1IkRDtQ2gFEjLv4,2021-01-08,-55.0,-20.0,-19.0,-66.0,-53.0,24.0
329,CA,Canada,Ontario,Toronto Division,,,,ChIJ5b2RG4_L1IkRDtQ2gFEjLv4,2021-01-09,-51.0,-14.0,28.0,-57.0,-20.0,13.0
330,CA,Canada,Ontario,Toronto Division,,,,ChIJ5b2RG4_L1IkRDtQ2gFEjLv4,2021-01-10,-54.0,-21.0,6.0,-60.0,-25.0,11.0
331,CA,Canada,Ontario,Toronto Division,,,,ChIJ5b2RG4_L1IkRDtQ2gFEjLv4,2021-01-11,-55.0,-22.0,-25.0,-68.0,-55.0,22.0
332,CA,Canada,Ontario,Toronto Division,,,,ChIJ5b2RG4_L1IkRDtQ2gFEjLv4,2021-01-12,-55.0,-20.0,-27.0,-68.0,-55.0,22.0
333,CA,Canada,Ontario,Toronto Division,,,,ChIJ5b2RG4_L1IkRDtQ2gFEjLv4,2021-01-13,-53.0,-18.0,-23.0,-68.0,-55.0,22.0
334,CA,Canada,Ontario,Toronto Division,,,,ChIJ5b2RG4_L1IkRDtQ2gFEjLv4,2021-01-14,-61.0,-27.0,-25.0,-70.0,-57.0,25.0
335,CA,Canada,Ontario,Toronto Division,,,,ChIJ5b2RG4_L1IkRDtQ2gFEjLv4,2021-01-15,-60.0,-29.0,-32.0,-70.0,-57.0,25.0
336,CA,Canada,Ontario,Toronto Division,,,,ChIJ5b2RG4_L1IkRDtQ2gFEjLv4,2021-01-16,-57.0,-21.0,22.0,-63.0,-26.0,14.0
337,CA,Canada,Ontario,Toronto Division,,,,ChIJ5b2RG4_L1IkRDtQ2gFEjLv4,2021-01-17,-59.0,-28.0,0.0,-64.0,-30.0,12.0
338,CA,Canada,Ontario,Toronto Division,,,,ChIJ5b2RG4_L1IkRDtQ2gFEjLv4,2021-01-18,-59.0,-28.0,-22.0,-70.0,-58.0,23.0
339,CA,Canada,Ontario,Toronto Division,,,,ChIJ5b2RG4_L1IkRDtQ2gFEjLv4,2021-01-19,-59.0,-27.0,-27.0,-70.0,-58.0,23.0
340,CA,Canada,Ontario,Toronto Division,,,,ChIJ5b2RG4_L1IkRDtQ2gFEjLv4,2021-01-20,-59.0,-30.0,-34.0,-71.0,-58.0,25.0
341,CA,Canada,Ontario,Toronto Division,,,,ChIJ5b2RG4_L1IkRDtQ2gFEjLv4,2021-01-21,-57.0,-22.0,-21.0,-70.0,-56.0,24.0
342,CA,Canada,Ontario,Toronto Division,,,,ChIJ5b2RG4_L1IkRDtQ2gFEjLv4,2021-01-22,-58.0,-25.0,-33.0,-69.0,-56.0,25.0
343,CA,Canada,Ontario,Toronto Division,,,,ChIJ5b2RG4_L1IkRDtQ2gFEjLv4,2021-01-23,-55.0,-19.0,-2.0,-62.0,-25.0,14.0
344,CA,Canada,Ontario,Toronto Division,,,,ChIJ5b2RG4_L1IkRDtQ2gFEjLv4,2021-01-24,-58.0,-26.0,-6.0,-64.0,-29.0,11.0
345,CA,Canada,Ontario,Toronto Division,,,,ChIJ5b2RG4_L1IkRDtQ2gFEjLv4,2021-01-25,-57.0,-24.0,-12.0,-70.0,-57.0,23.0
346,CA,Canada,Ontario,Toronto Division,,,,ChIJ5b2RG4_L1IkRDtQ2gFEjLv4,2021-01-26,-66.0,-41.0,-37.0,-71.0,-59.0,25.0
347,CA,Canada,Ontario,Toronto Division,,,,ChIJ5b2RG4_L1IkRDtQ2gFEjLv4,2021-01-27,-57.0,-24.0,-22.0,-69.0,-57.0,24.0
348,CA,Canada,Ontario,Toronto Division,,,,ChIJ5b2RG4_L1IkRDtQ2gFEjLv4,2021-01-28,-58.0,-25.0,-38.0,-70.0,-56.0,25.0
349,CA,Canada,Ontario,Toronto Division,,,,ChIJ5b2RG4_L1IkRDtQ2gFEjLv4,2021-01-29,-57.0,-24.0,-38.0,-69.0,-56.0,25.0
350,CA,Canada,Ontario,Toronto Division,,,,ChIJ5b2RG4_L1IkRDtQ2gFEjLv4,2021-01-30,-53.0,-15.0,20.0,-61.0,-23.0,13.0
351,CA,Canada,Ontario,Toronto Division,,,,ChIJ5b2RG4_L1IkRDtQ2gFEjLv4,2021-01-31,-57.0,-25.0,-17.0,-64.0,-28.0,11.0
352,CA,Canada,Ontario,Toronto Division,,,,ChIJ5b2RG4_L1IkRDtQ2gFEjLv4,2021-02-01,-57.0,-25.0,-32.0,-70.0,-57.0,23.0
353,CA,Canada,Ontario,Toronto Division,,,,ChIJ5b2RG4_L1IkRDtQ2gFEjLv4,2021-02-02,-57.0,-24.0,-29.0,-70.0,-57.0,23.0
354,CA,Canada,Ontario,Toronto Division,,,,ChIJ5b2RG4_L1IkRDtQ2gFEjLv4,2021-02-03,-56.0,-24.0,-17.0,-70.0,-56.0,23.0
355,CA,Canada,Ontario,Toronto Division,,,,ChIJ5b2RG4_L1IkRDtQ2gFEjLv4,2021-02-04,-54.0,-17.0,-2.0,-69.0,-55.0,23.0
356,CA,Canada,Ontario,Toronto Division,,,,ChIJ5b2RG4_L1IkRDtQ2gFEjLv4,2021-02-05,-58.0,-27.0,-42.0,-70.0,-55.0,25.0
357,CA,Canada,Ontario,Toronto Division,,,,ChIJ5b2RG4_L1IkRDtQ2gFEjLv4,2021-02-06,-55.0,-19.0,-22.0,-63.0,-23.0,14.0
358,CA,Canada,Ontario,Toronto Division,,,,ChIJ5b2RG4_L1IkRDtQ2gFEjLv4,2021-02-07,-56.0,-25.0,-10.0,-63.0,-27.0,11.0
359,CA,Canada,Ontario,Toronto Division,,,,ChIJ5b2RG4_L1IkRDtQ2gFEjLv4,2021-02-08,-58.0,-27.0,-34.0,-70.0,-57.0,23.0
360,CA,Canada,Ontario,Toronto Division,,,,ChIJ5b2RG4_L1IkRDtQ2gFEjLv4,2021-02-09,-56.0,-23.0,-24.0,-69.0,-56.0,23.0
361,CA,Canada,Ontario,Toronto Division,,,,ChIJ5b2RG4_L1IkRDtQ2gFEjLv4,2021-02-10,-56.0,-23.0,-30.0,-70.0,-56.0,24.0
362,CA,Canada,Ontario,Toronto Division,,,,ChIJ5b2RG4_L1IkRDtQ2gFEjLv4,2021-02-11,-53.0,-16.0,-25.0,-69.0,-55.0,23.0
363,CA,Canada,Ontario,Toronto Division,,,,ChIJ5b2RG4_L1IkRDtQ2gFEjLv4,2021-02-12,-55.0,-20.0,-36.0,-69.0,-55.0,24.0
364,CA,Canada,Ontario,Toronto Division,,,,ChIJ5b2RG4_L1IkRDtQ2gFEjLv4,2021-02-13,-54.0,-14.0,-28.0,-63.0,-24.0,13.0
365,CA,Canada,Ontario,Toronto Division,,,,ChIJ5b2RG4_L1IkRDtQ2gFEjLv4,2021-02-14,-45.0,-8.0,32.0,-58.0,-23.0,9.0
366,CA,Canada,Ontario,Toronto Division,,,,ChIJ5b2RG4_L1IkRDtQ2gFEjLv4,2021-02-15,-71.0,-53.0,3.0,-82.0,-82.0,30.0
367,CA,Canada,Ontario,Toronto Division,,,,ChIJ5b2RG4_L1IkRDtQ2gFEjLv4,2021-02-16,-60.0,-24.0,-38.0,-68.0,-57.0,23.0
368,CA,Canada,Ontario,Toronto Division,,,,ChIJ5b2RG4_L1IkRDtQ2gFEjLv4,2021-02-17,-53.0,-16.0,-24.0,-66.0,-52.0,22.0
369,CA,Canada,Ontario,Toronto Division,,,,ChIJ5b2RG4_L1IkRDtQ2gFEjLv4,2021-02-18,-57.0,-21.0,-35.0,-67.0,-52.0,23.0
370,CA,Canada,Ontario,Toronto Division,,,,ChIJ5b2RG4_L1IkRDtQ2gFEjLv4,2021-02-19,-56.0,-22.0,-26.0,-65.0,-51.0,23.0
371,CA,Canada,Ontario,Toronto Division,,,,ChIJ5b2RG4_L1IkRDtQ2gFEjLv4,2021-02-20,-51.0,-13.0,21.0,-59.0,-19.0,12.0
372,CA,Canada,Ontario,Toronto Division,,,,ChIJ5b2RG4_L1IkRDtQ2gFEjLv4,2021-02-21,-51.0,-17.0,30.0,-60.0,-22.0,10.0
373,CA,Canada,Ontario,Toronto Division,,,,ChIJ5b2RG4_L1IkRDtQ2gFEjLv4,2021-02-22,-58.0,-28.0,-37.0,-67.0,-54.0,22.0
374,CA,Canada,Ontario,Toronto Division,,,,ChIJ5b2RG4_L1IkRDtQ2gFEjLv4,2021-02-23,-53.0,-18.0,-24.0,-66.0,-52.0,21.0
375,CA,Canada,Ontario,Toronto Division,,,,ChIJ5b2RG4_L1IkRDtQ2gFEjLv4,2021-02-24,-53.0,-20.0,-20.0,-66.0,-52.0,22.0
376,CA,Canada,Ontario,Toronto Division,,,,ChIJ5b2RG4_L1IkRDtQ2gFEjLv4,2021-02-25,-52.0,-15.0,-11.0,-65.0,-51.0,22.0
377,CA,Canada,Ontario,Toronto Division,,,,ChIJ5b2RG4_L1IkRDtQ2gFEjLv4,2021-02-26,-50.0,-14.0,-6.0,-63.0,-49.0,21.0
378,CA,Canada,Ontario,Toronto Division,,,,ChIJ5b2RG4_L1IkRDtQ2gFEjLv4,2021-02-27,-49.0,-13.0,21.0,-56.0,-17.0,11.0
379,CA,Canada,Ontario,Toronto Division,,,,ChIJ5b2RG4_L1IkRDtQ2gFEjLv4,2021-02-28,-53.0,-22.0,-19.0,-59.0,-22.0,9.0
380,CA,Canada,Ontario,Toronto Division,,,,ChIJ5b2RG4_L1IkRDtQ2gFEjLv4,2021-03-01,-54.0,-24.0,-39.0,-67.0,-52.0,21.0
381,CA,Canada,Ontario,Toronto Division,,,,ChIJ5b2RG4_L1IkRDtQ2gFEjLv4,2021-03-02,-53.0,-19.0,-23.0,-66.0,-52.0,20.0
382,CA,Canada,Ontario,Ottawa Division,,,,ChIJmcB2guBn0UwRr0RW_iic0LY,2020-02-15,13.0,6.0,68.0,3.0,1.0,-2.0
383,CA,Canada,Ontario,Ottawa Division,,,,ChIJmcB2guBn0UwRr0RW_iic0LY,2020-02-16,30.0,26.0,128.0,3.0,4.0,-4.0
384,CA,Canada,Ontario,Ottawa Division,,,,ChIJmcB2guBn0UwRr0RW_iic0LY,2020-02-17,-30.0,-53.0,52.0,-40.0,-62.0,14.0
385,CA,Canada,Ontario,Ottawa Division,,,,ChIJmcB2guBn0UwRr0RW_iic0LY,2020-02-18,-5.0,9.0,-8.0,-6.0,-2.0,1.0
386,CA,Canada,Ontario,Ottawa Division,,,,ChIJmcB2guBn0UwRr0RW_iic0LY,2020-02-19,0.0,6.0,-8.0,-8.0,1.0,0.0
387,CA,Canada,Ontario,Ottawa Division,,,,ChIJmcB2guBn0UwRr0RW_iic0LY,2020-02-20,6.0,4.0,0.0,-8.0,1.0,0.0
388,CA,Canada,Ontario,Ottawa Division,,,,ChIJmcB2guBn0UwRr0RW_iic0LY,2020-02-21,-1.0,0.0,9.0,-9.0,-8.0,2.0
389,CA,Canada,Ontario,Ottawa Division,,,,ChIJmcB2guBn0UwRr0RW_iic0LY,2020-02-22,17.0,11.0,54.0,5.0,4.0,-2.0
390,CA,Canada,Ontario,Ottawa Division,,,,ChIJmcB2guBn0UwRr0RW_iic0LY,2020-02-23,18.0,17.0,38.0,4.0,6.0,-2.0
391,CA,Canada,Ontario,Ottawa Division,,,,ChIJmcB2guBn0UwRr0RW_iic0LY,2020-02-24,4.0,5.0,13.0,-6.0,2.0,0.0
392,CA,Canada,Ontario,Ottawa Division,,,,ChIJmcB2guBn0UwRr0RW_iic0LY,2020-02-25,1.0,10.0,2.0,-6.0,3.0,-1.0
393,CA,Canada,Ontario,Ottawa Division,,,,ChIJmcB2guBn0UwRr0RW_iic0LY,2020-02-26,-5.0,6.0,-14.0,-2.0,1.0,1.0
394,CA,Canada,Ontario,Ottawa Division,,,,ChIJmcB2guBn0UwRr0RW_iic0LY,2020-02-27,-25.0,-25.0,-29.0,-22.0,-31.0,13.0
395,CA,Canada,Ontario,Ottawa Division,,,,ChIJmcB2guBn0UwRr0RW_iic0LY,2020-02-28,-2.0,3.0,-12.0,2.0,-3.0,2.0
396,CA,Canada,Ontario,Ottawa Division,,,,ChIJmcB2guBn0UwRr0RW_iic0LY,2020-02-29,13.0,13.0,-8.0,4.0,7.0,-2.0
397,CA,Canada,Ontario,Ottawa Division,,,,ChIJmcB2guBn0UwRr0RW_iic0LY,2020-03-01,17.0,22.0,17.0,3.0,9.0,-2.0
398,CA,Canada,Ontario,Ottawa Division,,,,ChIJmcB2guBn0UwRr0RW_iic0LY,2020-03-02,2.0,6.0,-7.0,-5.0,4.0,0.0
399,CA,Canada,Ontario,Ottawa Division,,,,ChIJmcB2guBn0UwRr0RW_iic0LY,2020-03-03,0.0,5.0,-10.0,-2.0,4.0,0.0
400,CA,Canada,Ontario,Ottawa Division,,,,ChIJmcB2guBn0UwRr0RW_iic0LY,2020-03-04,3.0,9.0,-9.0,-2.0,5.0,0.0
401,CA,Canada,Ontario,Ottawa Division,,,,ChIJmcB2guBn0UwRr0RW_iic0LY,2020-03-05,9.0,8.0,-5.0,-4.0,-1.0,0.0
402,CA,Canada,Ontario,Ottawa Division,,,,ChIJmcB2guBn0UwRr0RW_iic0LY,2020-03-06,-3.0,-2.0,-10.0,-1.0,5.0,1.0
403,CA,Canada,Ontario,Ottawa Division,,,,ChIJmcB2guBn0UwRr0RW_iic0LY,2020-03-07,18.0,12.0,16.0,5.0,6.0,-3.0
404,CA,Canada,Ontario,Ottawa Division,,,,ChIJmcB2guBn0UwRr0RW_iic0LY,2020-03-08,16.0,20.0,30.0,0.0,6.0,-2.0
405,CA,Canada,Ontario,Ottawa Division,,,,ChIJmcB2guBn0UwRr0RW_iic0LY,2020-03-09,4.0,8.0,11.0,-8.0,3.0,0.0
406,CA,Canada,Ontario,Ottawa Division,,,,ChIJmcB2guBn0UwRr0RW_iic0LY,2020-03-10,-2.0,4.0,-9.0,-8.0,3.0,1.0
407,CA,Canada,Ontario,Ottawa Division,,,,ChIJmcB2guBn0UwRr0RW_iic0LY,2020-03-11,2.0,12.0,-7.0,-5.0,3.0,0.0
408,CA,Canada,Ontario,Ottawa Division,,,,ChIJmcB2guBn0UwRr0RW_iic0LY,2020-03-12,8.0,35.0,-3.0,-8.0,0.0,1.0
409,CA,Canada,Ontario,Ottawa Division,,,,ChIJmcB2guBn0UwRr0RW_iic0LY,2020-03-13,-8.0,41.0,-22.0,-18.0,-6.0,5.0
410,CA,Canada,Ontario,Ottawa Division,,,,ChIJmcB2guBn0UwRr0RW_iic0LY,2020-03-14,-9.0,24.0,3.0,-17.0,-2.0,3.0
411,CA,Canada,Ontario,Ottawa Division,,,,ChIJmcB2guBn0UwRr0RW_iic0LY,2020-03-15,-13.0,14.0,10.0,-25.0,-6.0,3.0
412,CA,Canada,Ontario,Ottawa Division,,,,ChIJmcB2guBn0UwRr0RW_iic0LY,2020-03-16,-25.0,17.0,-23.0,-52.0,-48.0,17.0
413,CA,Canada,Ontario,Ottawa Division,,,,ChIJmcB2guBn0UwRr0RW_iic0LY,2020-03-17,-43.0,-5.0,-35.0,-59.0,-59.0,22.0
414,CA,Canada,Ontario,Ottawa Division,,,,ChIJmcB2guBn0UwRr0RW_iic0LY,2020-03-18,-46.0,-9.0,-23.0,-61.0,-61.0,23.0
415,CA,Canada,Ontario,Ottawa Division,,,,ChIJmcB2guBn0UwRr0RW_iic0LY,2020-03-19,-47.0,-11.0,-20.0,-64.0,-64.0,24.0
416,CA,Canada,Ontario,Ottawa Division,,,,ChIJmcB2guBn0UwRr0RW_iic0LY,2020-03-20,-54.0,-19.0,-35.0,-64.0,-64.0,26.0
417,CA,Canada,Ontario,Ottawa Division,,,,ChIJmcB2guBn0UwRr0RW_iic0LY,2020-03-21,-55.0,-24.0,-9.0,-54.0,-39.0,13.0
418,CA,Canada,Ontario,Ottawa Division,,,,ChIJmcB2guBn0UwRr0RW_iic0LY,2020-03-22,-53.0,-24.0,21.0,-58.0,-39.0,10.0
419,CA,Canada,Ontario,Ottawa Division,,,,ChIJmcB2guBn0UwRr0RW_iic0LY,2020-03-23,-55.0,-27.0,-53.0,-74.0,-68.0,26.0
420,CA,Canada,Ontario,Ottawa Division,,,,ChIJmcB2guBn0UwRr0RW_iic0LY,2020-03-24,-56.0,-23.0,-30.0,-73.0,-70.0,27.0
421,CA,Canada,Ontario,Ottawa Division,,,,ChIJmcB2guBn0UwRr0RW_iic0LY,2020-03-25,-62.0,-33.0,-39.0,-74.0,-72.0,29.0
422,CA,Canada,Ontario,Ottawa Division,,,,ChIJmcB2guBn0UwRr0RW_iic0LY,2020-03-26,-61.0,-33.0,-47.0,-76.0,-73.0,30.0
423,CA,Canada,Ontario,Ottawa Division,,,,ChIJmcB2guBn0UwRr0RW_iic0LY,2020-03-27,-61.0,-28.0,-3.0,-71.0,-71.0,29.0
424,CA,Canada,Ontario,Ottawa Division,,,,ChIJmcB2guBn0UwRr0RW_iic0LY,2020-03-28,-62.0,-34.0,-13.0,-66.0,-49.0,14.0
425,CA,Canada,Ontario,Ottawa Division,,,,ChIJmcB2guBn0UwRr0RW_iic0LY,2020-03-29,-66.0,-44.0,-61.0,-76.0,-48.0,14.0
426,CA,Canada,Ontario,Ottawa Division,,,,ChIJmcB2guBn0UwRr0RW_iic0LY,2020-03-30,-61.0,-34.0,-50.0,-77.0,-74.0,28.0
427,CA,Canada,Ontario,Ottawa Division,,,,ChIJmcB2guBn0UwRr0RW_iic0LY,2020-03-31,-56.0,-25.0,-18.0,-72.0,-74.0,27.0
428,CA,Canada,Ontario,Ottawa Division,,,,ChIJmcB2guBn0UwRr0RW_iic0LY,2020-04-01,-58.0,-31.0,-28.0,-72.0,-73.0,28.0
429,CA,Canada,Ontario,Ottawa Division,,,,ChIJmcB2guBn0UwRr0RW_iic0LY,2020-04-02,-58.0,-30.0,-25.0,-74.0,-74.0,29.0
430,CA,Canada,Ontario,Ottawa Division,,,,ChIJmcB2guBn0UwRr0RW_iic0LY,2020-04-03,-63.0,-33.0,-44.0,-75.0,-73.0,31.0
431,CA,Canada,Ontario,Ottawa Division,,,,ChIJmcB2guBn0UwRr0RW_iic0LY,2020-04-04,-60.0,-34.0,12.0,-59.0,-48.0,14.0
432,CA,Canada,Ontario,Ottawa Division,,,,ChIJmcB2guBn0UwRr0RW_iic0LY,2020-04-05,-63.0,-38.0,-21.0,-70.0,-48.0,13.0
433,CA,Canada,Ontario,Ottawa Division,,,,ChIJmcB2guBn0UwRr0RW_iic0LY,2020-04-06,-59.0,-31.0,-11.0,-74.0,-74.0,27.0
434,CA,Canada,Ontario,Ottawa Division,,,,ChIJmcB2guBn0UwRr0RW_iic0LY,2020-04-07,-60.0,-28.0,-28.0,-75.0,-74.0,28.0
435,CA,Canada,Ontario,Ottawa Division,,,,ChIJmcB2guBn0UwRr0RW_iic0LY,2020-04-08,-59.0,-24.0,-45.0,-75.0,-74.0,29.0
436,CA,Canada,Ontario,Ottawa Division,,,,ChIJmcB2guBn0UwRr0RW_iic0LY,2020-04-09,-53.0,-6.0,-53.0,-77.0,-75.0,29.0
437,CA,Canada,Ontario,Ottawa Division,,,,ChIJmcB2guBn0UwRr0RW_iic0LY,2020-04-10,-86.0,-80.0,-54.0,-85.0,-89.0,38.0
438,CA,Canada,Ontario,Ottawa Division,,,,ChIJmcB2guBn0UwRr0RW_iic0LY,2020-04-11,-56.0,-14.0,-18.0,-63.0,-48.0,14.0
439,CA,Canada,Ontario,Ottawa Division,,,,ChIJmcB2guBn0UwRr0RW_iic0LY,2020-04-12,-83.0,-79.0,-15.0,-72.0,-58.0,14.0
440,CA,Canada,Ontario,Ottawa Division,,,,ChIJmcB2guBn0UwRr0RW_iic0LY,2020-04-13,-64.0,-36.0,-64.0,-83.0,-80.0,31.0
441,CA,Canada,Ontario,Ottawa Division,,,,ChIJmcB2guBn0UwRr0RW_iic0LY,2020-04-14,-59.0,-23.0,-40.0,-77.0,-74.0,29.0
442,CA,Canada,Ontario,Ottawa Division,,,,ChIJmcB2guBn0UwRr0RW_iic0LY,2020-04-15,-59.0,-27.0,-48.0,-76.0,-74.0,29.0
443,CA,Canada,Ontario,Ottawa Division,,,,ChIJmcB2guBn0UwRr0RW_iic0LY,2020-04-16,-59.0,-27.0,-39.0,-76.0,-74.0,30.0
444,CA,Canada,Ontario,Ottawa Division,,,,ChIJmcB2guBn0UwRr0RW_iic0LY,2020-04-17,-62.0,-30.0,-33.0,-74.0,-72.0,31.0
445,CA,Canada,Ontario,Ottawa Division,,,,ChIJmcB2guBn0UwRr0RW_iic0LY,2020-04-18,-61.0,-32.0,7.0,-59.0,-43.0,14.0
446,CA,Canada,Ontario,Ottawa Division,,,,ChIJmcB2guBn0UwRr0RW_iic0LY,2020-04-19,-65.0,-42.0,-50.0,-74.0,-46.0,14.0
447,CA,Canada,Ontario,Ottawa Division,,,,ChIJmcB2guBn0UwRr0RW_iic0LY,2020-04-20,-58.0,-29.0,-16.0,-74.0,-73.0,27.0
448,CA,Canada,Ontario,Ottawa Division,,,,ChIJmcB2guBn0UwRr0RW_iic0LY,2020-04-21,-62.0,-36.0,-59.0,-78.0,-74.0,30.0
449,CA,Canada,Ontario,Ottawa Division,,,,ChIJmcB2guBn0UwRr0RW_iic0LY,2020-04-22,-60.0,-31.0,-53.0,-77.0,-73.0,30.0
450,CA,Canada,Ontario,Ottawa Division,,,,ChIJmcB2guBn0UwRr0RW_iic0LY,2020-04-23,-56.0,-23.0,-22.0,-73.0,-73.0,29.0
451,CA,Canada,Ontario,Ottawa Division,,,,ChIJmcB2guBn0UwRr0RW_iic0LY,2020-04-24,-63.0,-29.0,-29.0,-73.0,-71.0,30.0
452,CA,Canada,Ontario,Ottawa Division,,,,ChIJmcB2guBn0UwRr0RW_iic0LY,2020-04-25,-59.0,-28.0,31.0,-56.0,-41.0,13.0
453,CA,Canada,Ontario,Ottawa Division,,,,ChIJmcB2guBn0UwRr0RW_iic0LY,2020-04-26,-59.0,-31.0,-10.0,-66.0,-41.0,12.0
454,CA,Canada,Ontario,Ottawa Division,,,,ChIJmcB2guBn0UwRr0RW_iic0LY,2020-04-27,-57.0,-26.0,-16.0,-73.0,-72.0,27.0
455,CA,Canada,Ontario,Ottawa Division,,,,ChIJmcB2guBn0UwRr0RW_iic0LY,2020-04-28,-55.0,-23.0,-1.0,-70.0,-72.0,27.0
456,CA,Canada,Ontario,Ottawa Division,,,,ChIJmcB2guBn0UwRr0RW_iic0LY,2020-04-29,-56.0,-27.0,-31.0,-73.0,-71.0,28.0
457,CA,Canada,Ontario,Ottawa Division,,,,ChIJmcB2guBn0UwRr0RW_iic0LY,2020-04-30,-57.0,-28.0,-59.0,-77.0,-72.0,30.0
458,CA,Canada,Ontario,Ottawa Division,,,,ChIJmcB2guBn0UwRr0RW_iic0LY,2020-05-01,-57.0,-22.0,-14.0,-70.0,-70.0,29.0
459,CA,Canada,Ontario,Ottawa Division,,,,ChIJmcB2guBn0UwRr0RW_iic0LY,2020-05-02,-55.0,-26.0,30.0,-56.0,-37.0,12.0
460,CA,Canada,Ontario,Ottawa Division,,,,ChIJmcB2guBn0UwRr0RW_iic0LY,2020-05-03,-51.0,-24.0,53.0,-59.0,-35.0,10.0
461,CA,Canada,Ontario,Ottawa Division,,,,ChIJmcB2guBn0UwRr0RW_iic0LY,2020-05-04,-54.0,-25.0,-27.0,-74.0,-71.0,27.0
462,CA,Canada,Ontario,Ottawa Division,,,,ChIJmcB2guBn0UwRr0RW_iic0LY,2020-05-05,-53.0,-22.0,-12.0,-71.0,-71.0,27.0
463,CA,Canada,Ontario,Ottawa Division,,,,ChIJmcB2guBn0UwRr0RW_iic0LY,2020-05-06,-53.0,-21.0,-5.0,-70.0,-70.0,27.0
464,CA,Canada,Ontario,Ottawa Division,,,,ChIJmcB2guBn0UwRr0RW_iic0LY,2020-05-07,-53.0,-20.0,-10.0,-72.0,-70.0,28.0
465,CA,Canada,Ontario,Ottawa Division,,,,ChIJmcB2guBn0UwRr0RW_iic0LY,2020-05-08,-58.0,-22.0,-27.0,-72.0,-68.0,29.0
466,CA,Canada,Ontario,Ottawa Division,,,,ChIJmcB2guBn0UwRr0RW_iic0LY,2020-05-09,-53.0,-17.0,-34.0,-67.0,-36.0,14.0
467,CA,Canada,Ontario,Ottawa Division,,,,ChIJmcB2guBn0UwRr0RW_iic0LY,2020-05-10,-43.0,-12.0,46.0,-61.0,-27.0,9.0
468,CA,Canada,Ontario,Ottawa Division,,,,ChIJmcB2guBn0UwRr0RW_iic0LY,2020-05-11,-53.0,-25.0,-2.0,-73.0,-69.0,26.0
469,CA,Canada,Ontario,Ottawa Division,,,,ChIJmcB2guBn0UwRr0RW_iic0LY,2020-05-12,-52.0,-22.0,-13.0,-73.0,-69.0,27.0
470,CA,Canada,Ontario,Ottawa Division,,,,ChIJmcB2guBn0UwRr0RW_iic0LY,2020-05-13,-49.0,-19.0,15.0,-69.0,-68.0,26.0
471,CA,Canada,Ontario,Ottawa Division,,,,ChIJmcB2guBn0UwRr0RW_iic0LY,2020-05-14,-48.0,-17.0,12.0,-69.0,-69.0,26.0
472,CA,Canada,Ontario,Ottawa Division,,,,ChIJmcB2guBn0UwRr0RW_iic0LY,2020-05-15,-55.0,-23.0,-29.0,-72.0,-68.0,29.0
473,CA,Canada,Ontario,Ottawa Division,,,,ChIJmcB2guBn0UwRr0RW_iic0LY,2020-05-16,-48.0,-18.0,68.0,-52.0,-30.0,10.0
474,CA,Canada,Ontario,Ottawa Division,,,,ChIJmcB2guBn0UwRr0RW_iic0LY,2020-05-17,-37.0,-7.0,121.0,-55.0,-24.0,8.0
475,CA,Canada,Ontario,Ottawa Division,,,,ChIJmcB2guBn0UwRr0RW_iic0LY,2020-05-18,-67.0,-62.0,93.0,-76.0,-85.0,27.0
476,CA,Canada,Ontario,Ottawa Division,,,,ChIJmcB2guBn0UwRr0RW_iic0LY,2020-05-19,-40.0,-4.0,17.0,-69.0,-67.0,24.0
477,CA,Canada,Ontario,Ottawa Division,,,,ChIJmcB2guBn0UwRr0RW_iic0LY,2020-05-20,-39.0,-7.0,43.0,-66.0,-66.0,24.0
478,CA,Canada,Ontario,Ottawa Division,,,,ChIJmcB2guBn0UwRr0RW_iic0LY,2020-05-21,-39.0,-9.0,50.0,-67.0,-67.0,24.0
479,CA,Canada,Ontario,Ottawa Division,,,,ChIJmcB2guBn0UwRr0RW_iic0LY,2020-05-22,-45.0,-14.0,55.0,-66.0,-63.0,24.0
480,CA,Canada,Ontario,Ottawa Division,,,,ChIJmcB2guBn0UwRr0RW_iic0LY,2020-05-23,-40.0,-13.0,117.0,-48.0,-21.0,8.0
481,CA,Canada,Ontario,Ottawa Division,,,,ChIJmcB2guBn0UwRr0RW_iic0LY,2020-05-24,-35.0,-14.0,145.0,-52.0,-19.0,6.0
482,CA,Canada,Ontario,Ottawa Division,,,,ChIJmcB2guBn0UwRr0RW_iic0LY,2020-05-25,-41.0,-16.0,20.0,-69.0,-67.0,23.0
483,CA,Canada,Ontario,Ottawa Division,,,,ChIJmcB2guBn0UwRr0RW_iic0LY,2020-05-26,-42.0,-17.0,16.0,-69.0,-66.0,24.0
484,CA,Canada,Ontario,Ottawa Division,,,,ChIJmcB2guBn0UwRr0RW_iic0LY,2020-05-27,-40.0,-13.0,23.0,-67.0,-65.0,24.0
485,CA,Canada,Ontario,Ottawa Division,,,,ChIJmcB2guBn0UwRr0RW_iic0LY,2020-05-28,-39.0,-11.0,9.0,-68.0,-65.0,24.0
486,CA,Canada,Ontario,Ottawa Division,,,,ChIJmcB2guBn0UwRr0RW_iic0LY,2020-05-29,-44.0,-15.0,14.0,-65.0,-62.0,25.0
487,CA,Canada,Ontario,Ottawa Division,,,,ChIJmcB2guBn0UwRr0RW_iic0LY,2020-05-30,-41.0,-16.0,38.0,-52.0,-16.0,10.0
488,CA,Canada,Ontario,Ottawa Division,,,,ChIJmcB2guBn0UwRr0RW_iic0LY,2020-05-31,-34.0,-9.0,86.0,-55.0,-12.0,6.0
489,CA,Canada,Ontario,Ottawa Division,,,,ChIJmcB2guBn0UwRr0RW_iic0LY,2020-06-01,-37.0,-13.0,32.0,-67.0,-64.0,22.0
490,CA,Canada,Ontario,Ottawa Division,,,,ChIJmcB2guBn0UwRr0RW_iic0LY,2020-06-02,-41.0,-17.0,-5.0,-70.0,-64.0,24.0
491,CA,Canada,Ontario,Ottawa Division,,,,ChIJmcB2guBn0UwRr0RW_iic0LY,2020-06-03,-40.0,-12.0,17.0,-67.0,-63.0,23.0
492,CA,Canada,Ontario,Ottawa Division,,,,ChIJmcB2guBn0UwRr0RW_iic0LY,2020-06-04,-35.0,-9.0,73.0,-64.0,-62.0,22.0
493,CA,Canada,Ontario,Ottawa Division,,,,ChIJmcB2guBn0UwRr0RW_iic0LY,2020-06-05,-42.0,-14.0,99.0,-62.0,-60.0,22.0
494,CA,Canada,Ontario,Ottawa Division,,,,ChIJmcB2guBn0UwRr0RW_iic0LY,2020-06-06,-38.0,-13.0,85.0,-52.0,-13.0,8.0
495,CA,Canada,Ontario,Ottawa Division,,,,ChIJmcB2guBn0UwRr0RW_iic0LY,2020-06-07,-30.0,-9.0,184.0,-52.0,-7.0,4.0
496,CA,Canada,Ontario,Ottawa Division,,,,ChIJmcB2guBn0UwRr0RW_iic0LY,2020-06-08,-34.0,-11.0,64.0,-65.0,-62.0,21.0
497,CA,Canada,Ontario,Ottawa Division,,,,ChIJmcB2guBn0UwRr0RW_iic0LY,2020-06-09,-37.0,-13.0,38.0,-67.0,-62.0,22.0
498,CA,Canada,Ontario,Ottawa Division,,,,ChIJmcB2guBn0UwRr0RW_iic0LY,2020-06-10,-36.0,-11.0,20.0,-66.0,-62.0,23.0
499,CA,Canada,Ontario,Ottawa Division,,,,ChIJmcB2guBn0UwRr0RW_iic0LY,2020-06-11,-33.0,-8.0,57.0,-65.0,-61.0,22.0
500,CA,Canada,Ontario,Ottawa Division,,,,ChIJmcB2guBn0UwRr0RW_iic0LY,2020-06-12,-37.0,-11.0,48.0,-62.0,-58.0,21.0
501,CA,Canada,Ontario,Ottawa Division,,,,ChIJmcB2guBn0UwRr0RW_iic0LY,2020-06-13,-32.0,-13.0,99.0,-47.0,-6.0,6.0
502,CA,Canada,Ontario,Ottawa Division,,,,ChIJmcB2guBn0UwRr0RW_iic0LY,2020-06-14,-24.0,-9.0,195.0,-48.0,-1.0,3.0
503,CA,Canada,Ontario,Ottawa Division,,,,ChIJmcB2guBn0UwRr0RW_iic0LY,2020-06-15,-26.0,-6.0,84.0,-63.0,-61.0,19.0
504,CA,Canada,Ontario,Ottawa Division,,,,ChIJmcB2guBn0UwRr0RW_iic0LY,2020-06-16,-28.0,-7.0,83.0,-63.0,-60.0,20.0
505,CA,Canada,Ontario,Ottawa Division,,,,ChIJmcB2guBn0UwRr0RW_iic0LY,2020-06-17,-29.0,-6.0,76.0,-61.0,-60.0,20.0
506,CA,Canada,Ontario,Ottawa Division,,,,ChIJmcB2guBn0UwRr0RW_iic0LY,2020-06-18,-27.0,-5.0,81.0,-62.0,-60.0,20.0
507,CA,Canada,Ontario,Ottawa Division,,,,ChIJmcB2guBn0UwRr0RW_iic0LY,2020-06-19,-34.0,-8.0,81.0,-59.0,-57.0,19.0
508,CA,Canada,Ontario,Ottawa Division,,,,ChIJmcB2guBn0UwRr0RW_iic0LY,2020-06-20,-30.0,-8.0,130.0,-44.0,-2.0,3.0
509,CA,Canada,Ontario,Ottawa Division,,,,ChIJmcB2guBn0UwRr0RW_iic0LY,2020-06-21,-23.0,-8.0,150.0,-52.0,5.0,0.0
510,CA,Canada,Ontario,Ottawa Division,,,,ChIJmcB2guBn0UwRr0RW_iic0LY,2020-06-22,-30.0,-14.0,30.0,-65.0,-62.0,20.0
511,CA,Canada,Ontario,Ottawa Division,,,,ChIJmcB2guBn0UwRr0RW_iic0LY,2020-06-23,-30.0,-10.0,34.0,-64.0,-61.0,21.0
512,CA,Canada,Ontario,Ottawa Division,,,,ChIJmcB2guBn0UwRr0RW_iic0LY,2020-06-24,-23.0,-2.0,50.0,-60.0,-59.0,20.0
513,CA,Canada,Ontario,Ottawa Division,,,,ChIJmcB2guBn0UwRr0RW_iic0LY,2020-06-25,-25.0,-6.0,72.0,-61.0,-59.0,20.0
514,CA,Canada,Ontario,Ottawa Division,,,,ChIJmcB2guBn0UwRr0RW_iic0LY,2020-06-26,-33.0,-10.0,85.0,-58.0,-56.0,18.0
515,CA,Canada,Ontario,Ottawa Division,,,,ChIJmcB2guBn0UwRr0RW_iic0LY,2020-06-27,-31.0,-14.0,67.0,-47.0,-8.0,6.0
516,CA,Canada,Ontario,Ottawa Division,,,,ChIJmcB2guBn0UwRr0RW_iic0LY,2020-06-28,-24.0,-9.0,131.0,-48.0,4.0,2.0
517,CA,Canada,Ontario,Ottawa Division,,,,ChIJmcB2guBn0UwRr0RW_iic0LY,2020-06-29,-21.0,1.0,62.0,-61.0,-59.0,18.0
518,CA,Canada,Ontario,Ottawa Division,,,,ChIJmcB2guBn0UwRr0RW_iic0LY,2020-06-30,-11.0,28.0,71.0,-59.0,-58.0,16.0
519,CA,Canada,Ontario,Ottawa Division,,,,ChIJmcB2guBn0UwRr0RW_iic0LY,2020-07-01,-60.0,-57.0,194.0,-68.0,-79.0,19.0
520,CA,Canada,Ontario,Ottawa Division,,,,ChIJmcB2guBn0UwRr0RW_iic0LY,2020-07-02,-26.0,-1.0,22.0,-62.0,-62.0,19.0
521,CA,Canada,Ontario,Ottawa Division,,,,ChIJmcB2guBn0UwRr0RW_iic0LY,2020-07-03,-31.0,-4.0,84.0,-57.0,-58.0,17.0
522,CA,Canada,Ontario,Ottawa Division,,,,ChIJmcB2guBn0UwRr0RW_iic0LY,2020-07-04,-29.0,-10.0,157.0,-39.0,-3.0,3.0
523,CA,Canada,Ontario,Ottawa Division,,,,ChIJmcB2guBn0UwRr0RW_iic0LY,2020-07-05,-22.0,-5.0,177.0,-42.0,1.0,0.0
524,CA,Canada,Ontario,Ottawa Division,,,,ChIJmcB2guBn0UwRr0RW_iic0LY,2020-07-06,-22.0,-1.0,87.0,-59.0,-60.0,17.0
525,CA,Canada,Ontario,Ottawa Division,,,,ChIJmcB2guBn0UwRr0RW_iic0LY,2020-07-07,-26.0,-6.0,62.0,-60.0,-60.0,19.0
526,CA,Canada,Ontario,Ottawa Division,,,,ChIJmcB2guBn0UwRr0RW_iic0LY,2020-07-08,-25.0,-3.0,56.0,-59.0,-58.0,19.0
527,CA,Canada,Ontario,Ottawa Division,,,,ChIJmcB2guBn0UwRr0RW_iic0LY,2020-07-09,-25.0,-2.0,48.0,-60.0,-58.0,19.0
528,CA,Canada,Ontario,Ottawa Division,,,,ChIJmcB2guBn0UwRr0RW_iic0LY,2020-07-10,-32.0,-8.0,57.0,-59.0,-56.0,18.0
529,CA,Canada,Ontario,Ottawa Division,,,,ChIJmcB2guBn0UwRr0RW_iic0LY,2020-07-11,-29.0,-9.0,36.0,-44.0,-7.0,6.0
530,CA,Canada,Ontario,Ottawa Division,,,,ChIJmcB2guBn0UwRr0RW_iic0LY,2020-07-12,-21.0,-3.0,150.0,-44.0,1.0,2.0
531,CA,Canada,Ontario,Ottawa Division,,,,ChIJmcB2guBn0UwRr0RW_iic0LY,2020-07-13,-23.0,-4.0,75.0,-58.0,-59.0,17.0
532,CA,Canada,Ontario,Ottawa Division,,,,ChIJmcB2guBn0UwRr0RW_iic0LY,2020-07-14,-24.0,-5.0,78.0,-59.0,-59.0,18.0
533,CA,Canada,Ontario,Ottawa Division,,,,ChIJmcB2guBn0UwRr0RW_iic0LY,2020-07-15,-23.0,-4.0,78.0,-58.0,-57.0,17.0
534,CA,Canada,Ontario,Ottawa Division,,,,ChIJmcB2guBn0UwRr0RW_iic0LY,2020-07-16,-23.0,-1.0,43.0,-60.0,-58.0,19.0
535,CA,Canada,Ontario,Ottawa Division,,,,ChIJmcB2guBn0UwRr0RW_iic0LY,2020-07-17,-28.0,-5.0,92.0,-55.0,-55.0,16.0
536,CA,Canada,Ontario,Ottawa Division,,,,ChIJmcB2guBn0UwRr0RW_iic0LY,2020-07-18,-26.0,-8.0,164.0,-38.0,0.0,2.0
537,CA,Canada,Ontario,Ottawa Division,,,,ChIJmcB2guBn0UwRr0RW_iic0LY,2020-07-19,-22.0,-7.0,104.0,-46.0,-1.0,1.0
538,CA,Canada,Ontario,Ottawa Division,,,,ChIJmcB2guBn0UwRr0RW_iic0LY,2020-07-20,-20.0,-1.0,81.0,-59.0,-58.0,17.0
539,CA,Canada,Ontario,Ottawa Division,,,,ChIJmcB2guBn0UwRr0RW_iic0LY,2020-07-21,-22.0,-4.0,92.0,-59.0,-57.0,17.0
540,CA,Canada,Ontario,Ottawa Division,,,,ChIJmcB2guBn0UwRr0RW_iic0LY,2020-07-22,-25.0,-5.0,20.0,-61.0,-57.0,19.0
541,CA,Canada,Ontario,Ottawa Division,,,,ChIJmcB2guBn0UwRr0RW_iic0LY,2020-07-23,-20.0,-1.0,80.0,-58.0,-57.0,18.0
542,CA,Canada,Ontario,Ottawa Division,,,,ChIJmcB2guBn0UwRr0RW_iic0LY,2020-07-24,-28.0,-5.0,103.0,-56.0,-54.0,16.0
543,CA,Canada,Ontario,Ottawa Division,,,,ChIJmcB2guBn0UwRr0RW_iic0LY,2020-07-25,-25.0,-9.0,176.0,-39.0,-1.0,2.0
544,CA,Canada,Ontario,Ottawa Division,,,,ChIJmcB2guBn0UwRr0RW_iic0LY,2020-07-26,-19.0,-5.0,153.0,-44.0,1.0,0.0
545,CA,Canada,Ontario,Ottawa Division,,,,ChIJmcB2guBn0UwRr0RW_iic0LY,2020-07-27,-22.0,-3.0,39.0,-62.0,-60.0,18.0
546,CA,Canada,Ontario,Ottawa Division,,,,ChIJmcB2guBn0UwRr0RW_iic0LY,2020-07-28,-22.0,-2.0,88.0,-60.0,-58.0,17.0
547,CA,Canada,Ontario,Ottawa Division,,,,ChIJmcB2guBn0UwRr0RW_iic0LY,2020-07-29,-23.0,-4.0,30.0,-59.0,-58.0,18.0
548,CA,Canada,Ontario,Ottawa Division,,,,ChIJmcB2guBn0UwRr0RW_iic0LY,2020-07-30,-19.0,2.0,54.0,-57.0,-58.0,17.0
549,CA,Canada,Ontario,Ottawa Division,,,,ChIJmcB2guBn0UwRr0RW_iic0LY,2020-07-31,-25.0,0.0,107.0,-51.0,-56.0,14.0
550,CA,Canada,Ontario,Ottawa Division,,,,ChIJmcB2guBn0UwRr0RW_iic0LY,2020-08-01,-26.0,-9.0,181.0,-32.0,-2.0,0.0
551,CA,Canada,Ontario,Ottawa Division,,,,ChIJmcB2guBn0UwRr0RW_iic0LY,2020-08-02,-25.0,-11.0,2.0,-46.0,-7.0,3.0
552,CA,Canada,Ontario,Ottawa Division,,,,ChIJmcB2guBn0UwRr0RW_iic0LY,2020-08-03,-35.0,-24.0,137.0,-67.0,-77.0,17.0
553,CA,Canada,Ontario,Ottawa Division,,,,ChIJmcB2guBn0UwRr0RW_iic0LY,2020-08-04,-27.0,-8.0,-21.0,-62.0,-61.0,19.0
554,CA,Canada,Ontario,Ottawa Division,,,,ChIJmcB2guBn0UwRr0RW_iic0LY,2020-08-05,-20.0,1.0,59.0,-60.0,-58.0,17.0
555,CA,Canada,Ontario,Ottawa Division,,,,ChIJmcB2guBn0UwRr0RW_iic0LY,2020-08-06,-16.0,0.0,107.0,-59.0,-57.0,16.0
556,CA,Canada,Ontario,Ottawa Division,,,,ChIJmcB2guBn0UwRr0RW_iic0LY,2020-08-07,-26.0,-7.0,100.0,-57.0,-55.0,15.0
557,CA,Canada,Ontario,Ottawa Division,,,,ChIJmcB2guBn0UwRr0RW_iic0LY,2020-08-08,-23.0,-10.0,186.0,-38.0,0.0,1.0
558,CA,Canada,Ontario,Ottawa Division,,,,ChIJmcB2guBn0UwRr0RW_iic0LY,2020-08-09,-20.0,-6.0,83.0,-47.0,-1.0,1.0
559,CA,Canada,Ontario,Ottawa Division,,,,ChIJmcB2guBn0UwRr0RW_iic0LY,2020-08-10,-20.0,-6.0,55.0,-63.0,-59.0,17.0
560,CA,Canada,Ontario,Ottawa Division,,,,ChIJmcB2guBn0UwRr0RW_iic0LY,2020-08-11,-24.0,-8.0,33.0,-62.0,-58.0,18.0
561,CA,Canada,Ontario,Ottawa Division,,,,ChIJmcB2guBn0UwRr0RW_iic0LY,2020-08-12,-19.0,-3.0,89.0,-58.0,-57.0,16.0
562,CA,Canada,Ontario,Ottawa Division,,,,ChIJmcB2guBn0UwRr0RW_iic0LY,2020-08-13,-18.0,-3.0,91.0,-59.0,-57.0,16.0
563,CA,Canada,Ontario,Ottawa Division,,,,ChIJmcB2guBn0UwRr0RW_iic0LY,2020-08-14,-26.0,-6.0,104.0,-56.0,-55.0,15.0
564,CA,Canada,Ontario,Ottawa Division,,,,ChIJmcB2guBn0UwRr0RW_iic0LY,2020-08-15,-22.0,-9.0,212.0,-36.0,-1.0,0.0
565,CA,Canada,Ontario,Ottawa Division,,,,ChIJmcB2guBn0UwRr0RW_iic0LY,2020-08-16,-20.0,-10.0,94.0,-46.0,-1.0,0.0
566,CA,Canada,Ontario,Ottawa Division,,,,ChIJmcB2guBn0UwRr0RW_iic0LY,2020-08-17,-20.0,-7.0,40.0,-61.0,-60.0,17.0
567,CA,Canada,Ontario,Ottawa Division,,,,ChIJmcB2guBn0UwRr0RW_iic0LY,2020-08-18,-20.0,-6.0,63.0,-60.0,-57.0,17.0
568,CA,Canada,Ontario,Ottawa Division,,,,ChIJmcB2guBn0UwRr0RW_iic0LY,2020-08-19,-19.0,-4.0,76.0,-57.0,-56.0,16.0
569,CA,Canada,Ontario,Ottawa Division,,,,ChIJmcB2guBn0UwRr0RW_iic0LY,2020-08-20,-18.0,-2.0,38.0,-61.0,-57.0,16.0
570,CA,Canada,Ontario,Ottawa Division,,,,ChIJmcB2guBn0UwRr0RW_iic0LY,2020-08-21,-26.0,-6.0,72.0,-58.0,-54.0,15.0
571,CA,Canada,Ontario,Ottawa Division,,,,ChIJmcB2guBn0UwRr0RW_iic0LY,2020-08-22,-21.0,-9.0,,-36.0,0.0,0.0
572,CA,Canada,Ontario,Ottawa Division,,,,ChIJmcB2guBn0UwRr0RW_iic0LY,2020-08-23,-16.0,-3.0,,-44.0,2.0,0.0
573,CA,Canada,Ontario,Ottawa Division,,,,ChIJmcB2guBn0UwRr0RW_iic0LY,2020-08-24,-20.0,-5.0,49.0,-63.0,-59.0,16.0
574,CA,Canada,Ontario,Ottawa Division,,,,ChIJmcB2guBn0UwRr0RW_iic0LY,2020-08-25,-20.0,-5.0,59.0,-61.0,-57.0,16.0
575,CA,Canada,Ontario,Ottawa Division,,,,ChIJmcB2guBn0UwRr0RW_iic0LY,2020-08-26,-19.0,-3.0,69.0,-59.0,-56.0,15.0
576,CA,Canada,Ontario,Ottawa Division,,,,ChIJmcB2guBn0UwRr0RW_iic0LY,2020-08-27,-18.0,-4.0,18.0,-61.0,-57.0,17.0
577,CA,Canada,Ontario,Ottawa Division,,,,ChIJmcB2guBn0UwRr0RW_iic0LY,2020-08-28,-24.0,-7.0,91.0,-56.0,-53.0,14.0
578,CA,Canada,Ontario,Ottawa Division,,,,ChIJmcB2guBn0UwRr0RW_iic0LY,2020-08-29,-23.0,-8.0,15.0,-47.0,-8.0,5.0
579,CA,Canada,Ontario,Ottawa Division,,,,ChIJmcB2guBn0UwRr0RW_iic0LY,2020-08-30,-9.0,2.0,,-40.0,4.0,-1.0
580,CA,Canada,Ontario,Ottawa Division,,,,ChIJmcB2guBn0UwRr0RW_iic0LY,2020-08-31,-14.0,-2.0,91.0,-59.0,-58.0,14.0
581,CA,Canada,Ontario,Ottawa Division,,,,ChIJmcB2guBn0UwRr0RW_iic0LY,2020-09-01,-18.0,-4.0,47.0,-59.0,-57.0,16.0
582,CA,Canada,Ontario,Ottawa Division,,,,ChIJmcB2guBn0UwRr0RW_iic0LY,2020-09-02,-22.0,-6.0,8.0,-62.0,-57.0,17.0
583,CA,Canada,Ontario,Ottawa Division,,,,ChIJmcB2guBn0UwRr0RW_iic0LY,2020-09-03,-13.0,2.0,77.0,-56.0,-56.0,15.0
584,CA,Canada,Ontario,Ottawa Division,,,,ChIJmcB2guBn0UwRr0RW_iic0LY,2020-09-04,-22.0,-5.0,61.0,-54.0,-53.0,14.0
585,CA,Canada,Ontario,Ottawa Division,,,,ChIJmcB2guBn0UwRr0RW_iic0LY,2020-09-05,-18.0,-5.0,,-40.0,-4.0,1.0
586,CA,Canada,Ontario,Ottawa Division,,,,ChIJmcB2guBn0UwRr0RW_iic0LY,2020-09-06,-3.0,9.0,,-39.0,4.0,-2.0
587,CA,Canada,Ontario,Ottawa Division,,,,ChIJmcB2guBn0UwRr0RW_iic0LY,2020-09-07,-57.0,-55.0,29.0,-77.0,-84.0,21.0
588,CA,Canada,Ontario,Ottawa Division,,,,ChIJmcB2guBn0UwRr0RW_iic0LY,2020-09-08,-17.0,6.0,13.0,-58.0,-58.0,16.0
589,CA,Canada,Ontario,Ottawa Division,,,,ChIJmcB2guBn0UwRr0RW_iic0LY,2020-09-09,-24.0,-7.0,2.0,-61.0,-57.0,18.0
590,CA,Canada,Ontario,Ottawa Division,,,,ChIJmcB2guBn0UwRr0RW_iic0LY,2020-09-10,-18.0,-1.0,21.0,-58.0,-56.0,17.0
591,CA,Canada,Ontario,Ottawa Division,,,,ChIJmcB2guBn0UwRr0RW_iic0LY,2020-09-11,-24.0,-9.0,78.0,-53.0,-52.0,15.0
592,CA,Canada,Ontario,Ottawa Division,,,,ChIJmcB2guBn0UwRr0RW_iic0LY,2020-09-12,-15.0,-3.0,175.0,-36.0,0.0,2.0
593,CA,Canada,Ontario,Ottawa Division,,,,ChIJmcB2guBn0UwRr0RW_iic0LY,2020-09-13,-17.0,-3.0,37.0,-46.0,-2.0,4.0
594,CA,Canada,Ontario,Ottawa Division,,,,ChIJmcB2guBn0UwRr0RW_iic0LY,2020-09-14,-19.0,-6.0,57.0,-59.0,-55.0,16.0
595,CA,Canada,Ontario,Ottawa Division,,,,ChIJmcB2guBn0UwRr0RW_iic0LY,2020-09-15,-21.0,-8.0,24.0,-59.0,-53.0,17.0
596,CA,Canada,Ontario,Ottawa Division,,,,ChIJmcB2guBn0UwRr0RW_iic0LY,2020-09-16,-22.0,-9.0,58.0,-59.0,-54.0,16.0
597,CA,Canada,Ontario,Ottawa Division,,,,ChIJmcB2guBn0UwRr0RW_iic0LY,2020-09-17,-19.0,-4.0,42.0,-58.0,-54.0,17.0
598,CA,Canada,Ontario,Ottawa Division,,,,ChIJmcB2guBn0UwRr0RW_iic0LY,2020-09-18,-26.0,-11.0,42.0,-56.0,-50.0,16.0
599,CA,Canada,Ontario,Ottawa Division,,,,ChIJmcB2guBn0UwRr0RW_iic0LY,2020-09-19,-18.0,-4.0,113.0,-42.0,-1.0,3.0
600,CA,Canada,Ontario,Ottawa Division,,,,ChIJmcB2guBn0UwRr0RW_iic0LY,2020-09-20,-13.0,1.0,131.0,-46.0,3.0,1.0
601,CA,Canada,Ontario,Ottawa Division,,,,ChIJmcB2guBn0UwRr0RW_iic0LY,2020-09-21,-22.0,-8.0,51.0,-61.0,-57.0,16.0
602,CA,Canada,Ontario,Ottawa Division,,,,ChIJmcB2guBn0UwRr0RW_iic0LY,2020-09-22,-25.0,-8.0,32.0,-60.0,-54.0,17.0
603,CA,Canada,Ontario,Ottawa Division,,,,ChIJmcB2guBn0UwRr0RW_iic0LY,2020-09-23,-26.0,-9.0,41.0,-62.0,-53.0,17.0
604,CA,Canada,Ontario,Ottawa Division,,,,ChIJmcB2guBn0UwRr0RW_iic0LY,2020-09-24,-25.0,-7.0,9.0,-62.0,-53.0,18.0
605,CA,Canada,Ontario,Ottawa Division,,,,ChIJmcB2guBn0UwRr0RW_iic0LY,2020-09-25,-29.0,-10.0,39.0,-58.0,-49.0,16.0
606,CA,Canada,Ontario,Ottawa Division,,,,ChIJmcB2guBn0UwRr0RW_iic0LY,2020-09-26,-21.0,-6.0,131.0,-46.0,0.0,3.0
607,CA,Canada,Ontario,Ottawa Division,,,,ChIJmcB2guBn0UwRr0RW_iic0LY,2020-09-27,-17.0,-1.0,117.0,-47.0,4.0,1.0
608,CA,Canada,Ontario,Ottawa Division,,,,ChIJmcB2guBn0UwRr0RW_iic0LY,2020-09-28,-25.0,-8.0,47.0,-63.0,-55.0,17.0
609,CA,Canada,Ontario,Ottawa Division,,,,ChIJmcB2guBn0UwRr0RW_iic0LY,2020-09-29,-28.0,-9.0,-6.0,-64.0,-54.0,18.0
610,CA,Canada,Ontario,Ottawa Division,,,,ChIJmcB2guBn0UwRr0RW_iic0LY,2020-09-30,-27.0,-6.0,-14.0,-65.0,-54.0,19.0
611,CA,Canada,Ontario,Ottawa Division,,,,ChIJmcB2guBn0UwRr0RW_iic0LY,2020-10-01,-23.0,-2.0,9.0,-61.0,-52.0,18.0
612,CA,Canada,Ontario,Ottawa Division,,,,ChIJmcB2guBn0UwRr0RW_iic0LY,2020-10-02,-33.0,-12.0,-8.0,-62.0,-49.0,19.0
613,CA,Canada,Ontario,Ottawa Division,,,,ChIJmcB2guBn0UwRr0RW_iic0LY,2020-10-03,-22.0,-3.0,78.0,-47.0,-3.0,5.0
614,CA,Canada,Ontario,Ottawa Division,,,,ChIJmcB2guBn0UwRr0RW_iic0LY,2020-10-04,-20.0,0.0,50.0,-53.0,-1.0,4.0
615,CA,Canada,Ontario,Ottawa Division,,,,ChIJmcB2guBn0UwRr0RW_iic0LY,2020-10-05,-27.0,-7.0,6.0,-65.0,-56.0,18.0
616,CA,Canada,Ontario,Ottawa Division,,,,ChIJmcB2guBn0UwRr0RW_iic0LY,2020-10-06,-28.0,-6.0,-4.0,-64.0,-53.0,18.0
617,CA,Canada,Ontario,Ottawa Division,,,,ChIJmcB2guBn0UwRr0RW_iic0LY,2020-10-07,-32.0,-9.0,-26.0,-68.0,-53.0,19.0
618,CA,Canada,Ontario,Ottawa Division,,,,ChIJmcB2guBn0UwRr0RW_iic0LY,2020-10-08,-24.0,3.0,5.0,-61.0,-52.0,18.0
619,CA,Canada,Ontario,Ottawa Division,,,,ChIJmcB2guBn0UwRr0RW_iic0LY,2020-10-09,-29.0,0.0,19.0,-57.0,-50.0,17.0
620,CA,Canada,Ontario,Ottawa Division,,,,ChIJmcB2guBn0UwRr0RW_iic0LY,2020-10-10,-29.0,1.0,89.0,-49.0,-4.0,6.0
621,CA,Canada,Ontario,Ottawa Division,,,,ChIJmcB2guBn0UwRr0RW_iic0LY,2020-10-11,-27.0,4.0,96.0,-51.0,0.0,3.0
622,CA,Canada,Ontario,Ottawa Division,,,,ChIJmcB2guBn0UwRr0RW_iic0LY,2020-10-12,-70.0,-62.0,42.0,-81.0,-84.0,24.0
623,CA,Canada,Ontario,Ottawa Division,,,,ChIJmcB2guBn0UwRr0RW_iic0LY,2020-10-13,-34.0,-7.0,-28.0,-65.0,-55.0,20.0
624,CA,Canada,Ontario,Ottawa Division,,,,ChIJmcB2guBn0UwRr0RW_iic0LY,2020-10-14,-31.0,-6.0,23.0,-63.0,-53.0,19.0
625,CA,Canada,Ontario,Ottawa Division,,,,ChIJmcB2guBn0UwRr0RW_iic0LY,2020-10-15,-33.0,-9.0,-25.0,-64.0,-54.0,21.0
626,CA,Canada,Ontario,Ottawa Division,,,,ChIJmcB2guBn0UwRr0RW_iic0LY,2020-10-16,-35.0,-8.0,-3.0,-61.0,-50.0,20.0
627,CA,Canada,Ontario,Ottawa Division,,,,ChIJmcB2guBn0UwRr0RW_iic0LY,2020-10-17,-25.0,-2.0,107.0,-46.0,-7.0,6.0
628,CA,Canada,Ontario,Ottawa Division,,,,ChIJmcB2guBn0UwRr0RW_iic0LY,2020-10-18,-25.0,-1.0,55.0,-52.0,-6.0,6.0
629,CA,Canada,Ontario,Ottawa Division,,,,ChIJmcB2guBn0UwRr0RW_iic0LY,2020-10-19,-34.0,-12.0,-19.0,-66.0,-57.0,20.0
630,CA,Canada,Ontario,Ottawa Division,,,,ChIJmcB2guBn0UwRr0RW_iic0LY,2020-10-20,-31.0,-7.0,0.0,-63.0,-54.0,19.0
631,CA,Canada,Ontario,Ottawa Division,,,,ChIJmcB2guBn0UwRr0RW_iic0LY,2020-10-21,-36.0,-13.0,-25.0,-67.0,-54.0,21.0
632,CA,Canada,Ontario,Ottawa Division,,,,ChIJmcB2guBn0UwRr0RW_iic0LY,2020-10-22,-30.0,-4.0,0.0,-61.0,-53.0,19.0
633,CA,Canada,Ontario,Ottawa Division,,,,ChIJmcB2guBn0UwRr0RW_iic0LY,2020-10-23,-30.0,-8.0,76.0,-56.0,-48.0,17.0
634,CA,Canada,Ontario,Ottawa Division,,,,ChIJmcB2guBn0UwRr0RW_iic0LY,2020-10-24,-27.0,-1.0,38.0,-49.0,-8.0,7.0
635,CA,Canada,Ontario,Ottawa Division,,,,ChIJmcB2guBn0UwRr0RW_iic0LY,2020-10-25,-23.0,1.0,60.0,-51.0,-4.0,5.0
636,CA,Canada,Ontario,Ottawa Division,,,,ChIJmcB2guBn0UwRr0RW_iic0LY,2020-10-26,-35.0,-13.0,-31.0,-66.0,-56.0,20.0
637,CA,Canada,Ontario,Ottawa Division,,,,ChIJmcB2guBn0UwRr0RW_iic0LY,2020-10-27,-31.0,-5.0,-15.0,-63.0,-53.0,19.0
638,CA,Canada,Ontario,Ottawa Division,,,,ChIJmcB2guBn0UwRr0RW_iic0LY,2020-10-28,-31.0,-6.0,-9.0,-63.0,-52.0,19.0
639,CA,Canada,Ontario,Ottawa Division,,,,ChIJmcB2guBn0UwRr0RW_iic0LY,2020-10-29,-28.0,-2.0,-21.0,-63.0,-52.0,19.0
640,CA,Canada,Ontario,Ottawa Division,,,,ChIJmcB2guBn0UwRr0RW_iic0LY,2020-10-30,-32.0,-3.0,-2.0,-59.0,-48.0,19.0
641,CA,Canada,Ontario,Ottawa Division,,,,ChIJmcB2guBn0UwRr0RW_iic0LY,2020-10-31,-26.0,3.0,51.0,-47.0,-6.0,6.0
642,CA,Canada,Ontario,Ottawa Division,,,,ChIJmcB2guBn0UwRr0RW_iic0LY,2020-11-01,-29.0,-3.0,-21.0,-56.0,-9.0,6.0
643,CA,Canada,Ontario,Ottawa Division,,,,ChIJmcB2guBn0UwRr0RW_iic0LY,2020-11-02,-35.0,-12.0,-29.0,-67.0,-55.0,19.0
644,CA,Canada,Ontario,Ottawa Division,,,,ChIJmcB2guBn0UwRr0RW_iic0LY,2020-11-03,-36.0,-15.0,-36.0,-66.0,-53.0,20.0
645,CA,Canada,Ontario,Ottawa Division,,,,ChIJmcB2guBn0UwRr0RW_iic0LY,2020-11-04,-35.0,-12.0,-14.0,-67.0,-52.0,20.0
646,CA,Canada,Ontario,Ottawa Division,,,,ChIJmcB2guBn0UwRr0RW_iic0LY,2020-11-05,-29.0,-7.0,10.0,-62.0,-51.0,19.0
647,CA,Canada,Ontario,Ottawa Division,,,,ChIJmcB2guBn0UwRr0RW_iic0LY,2020-11-06,-33.0,-11.0,21.0,-59.0,-48.0,19.0
648,CA,Canada,Ontario,Ottawa Division,,,,ChIJmcB2guBn0UwRr0RW_iic0LY,2020-11-07,-20.0,-3.0,114.0,-47.0,-2.0,5.0
649,CA,Canada,Ontario,Ottawa Division,,,,ChIJmcB2guBn0UwRr0RW_iic0LY,2020-11-08,-15.0,1.0,143.0,-49.0,2.0,3.0
650,CA,Canada,Ontario,Ottawa Division,,,,ChIJmcB2guBn0UwRr0RW_iic0LY,2020-11-09,-27.0,-8.0,34.0,-64.0,-53.0,18.0
651,CA,Canada,Ontario,Ottawa Division,,,,ChIJmcB2guBn0UwRr0RW_iic0LY,2020-11-10,-25.0,-6.0,20.0,-60.0,-50.0,18.0
652,CA,Canada,Ontario,Ottawa Division,,,,ChIJmcB2guBn0UwRr0RW_iic0LY,2020-11-11,-26.0,-9.0,-2.0,-65.0,-56.0,20.0
653,CA,Canada,Ontario,Ottawa Division,,,,ChIJmcB2guBn0UwRr0RW_iic0LY,2020-11-12,-26.0,-3.0,-14.0,-62.0,-50.0,19.0
654,CA,Canada,Ontario,Ottawa Division,,,,ChIJmcB2guBn0UwRr0RW_iic0LY,2020-11-13,-30.0,-10.0,-12.0,-60.0,-48.0,20.0
655,CA,Canada,Ontario,Ottawa Division,,,,ChIJmcB2guBn0UwRr0RW_iic0LY,2020-11-14,-20.0,-1.0,37.0,-48.0,-4.0,6.0
656,CA,Canada,Ontario,Ottawa Division,,,,ChIJmcB2guBn0UwRr0RW_iic0LY,2020-11-15,-26.0,-8.0,-30.0,-56.0,-6.0,7.0
657,CA,Canada,Ontario,Ottawa Division,,,,ChIJmcB2guBn0UwRr0RW_iic0LY,2020-11-16,-31.0,-12.0,-24.0,-66.0,-54.0,19.0
658,CA,Canada,Ontario,Ottawa Division,,,,ChIJmcB2guBn0UwRr0RW_iic0LY,2020-11-17,-31.0,-12.0,-31.0,-65.0,-50.0,20.0
659,CA,Canada,Ontario,Ottawa Division,,,,ChIJmcB2guBn0UwRr0RW_iic0LY,2020-11-18,-32.0,-12.0,-30.0,-67.0,-51.0,20.0
660,CA,Canada,Ontario,Ottawa Division,,,,ChIJmcB2guBn0UwRr0RW_iic0LY,2020-11-19,-27.0,-6.0,-18.0,-64.0,-50.0,19.0
661,CA,Canada,Ontario,Ottawa Division,,,,ChIJmcB2guBn0UwRr0RW_iic0LY,2020-11-20,-29.0,-8.0,9.0,-61.0,-47.0,19.0
662,CA,Canada,Ontario,Ottawa Division,,,,ChIJmcB2guBn0UwRr0RW_iic0LY,2020-11-21,-19.0,1.0,24.0,-53.0,-3.0,7.0
663,CA,Canada,Ontario,Ottawa Division,,,,ChIJmcB2guBn0UwRr0RW_iic0LY,2020-11-22,-22.0,-1.0,-9.0,-57.0,-4.0,7.0
664,CA,Canada,Ontario,Ottawa Division,,,,ChIJmcB2guBn0UwRr0RW_iic0LY,2020-11-23,-33.0,-18.0,-26.0,-66.0,-54.0,20.0
665,CA,Canada,Ontario,Ottawa Division,,,,ChIJmcB2guBn0UwRr0RW_iic0LY,2020-11-24,-29.0,-10.0,-33.0,-66.0,-50.0,19.0
666,CA,Canada,Ontario,Ottawa Division,,,,ChIJmcB2guBn0UwRr0RW_iic0LY,2020-11-25,-39.0,-22.0,-36.0,-68.0,-52.0,21.0
667,CA,Canada,Ontario,Ottawa Division,,,,ChIJmcB2guBn0UwRr0RW_iic0LY,2020-11-26,-25.0,-5.0,-37.0,-65.0,-50.0,20.0
668,CA,Canada,Ontario,Ottawa Division,,,,ChIJmcB2guBn0UwRr0RW_iic0LY,2020-11-27,-25.0,-5.0,-21.0,-59.0,-46.0,19.0
669,CA,Canada,Ontario,Ottawa Division,,,,ChIJmcB2guBn0UwRr0RW_iic0LY,2020-11-28,-16.0,4.0,7.0,-48.0,-1.0,7.0
670,CA,Canada,Ontario,Ottawa Division,,,,ChIJmcB2guBn0UwRr0RW_iic0LY,2020-11-29,-14.0,6.0,40.0,-51.0,1.0,5.0
671,CA,Canada,Ontario,Ottawa Division,,,,ChIJmcB2guBn0UwRr0RW_iic0LY,2020-11-30,-28.0,-11.0,-38.0,-67.0,-53.0,19.0
672,CA,Canada,Ontario,Ottawa Division,,,,ChIJmcB2guBn0UwRr0RW_iic0LY,2020-12-01,-28.0,-4.0,-39.0,-66.0,-50.0,19.0
673,CA,Canada,Ontario,Ottawa Division,,,,ChIJmcB2guBn0UwRr0RW_iic0LY,2020-12-02,-31.0,-8.0,-31.0,-68.0,-50.0,20.0
674,CA,Canada,Ontario,Ottawa Division,,,,ChIJmcB2guBn0UwRr0RW_iic0LY,2020-12-03,-26.0,-2.0,-29.0,-64.0,-49.0,19.0
675,CA,Canada,Ontario,Ottawa Division,,,,ChIJmcB2guBn0UwRr0RW_iic0LY,2020-12-04,-32.0,-9.0,-28.0,-63.0,-46.0,20.0
676,CA,Canada,Ontario,Ottawa Division,,,,ChIJmcB2guBn0UwRr0RW_iic0LY,2020-12-05,-20.0,2.0,-6.0,-53.0,-3.0,7.0
677,CA,Canada,Ontario,Ottawa Division,,,,ChIJmcB2guBn0UwRr0RW_iic0LY,2020-12-06,-19.0,3.0,10.0,-57.0,0.0,6.0
678,CA,Canada,Ontario,Ottawa Division,,,,ChIJmcB2guBn0UwRr0RW_iic0LY,2020-12-07,-28.0,-7.0,-21.0,-67.0,-53.0,19.0
679,CA,Canada,Ontario,Ottawa Division,,,,ChIJmcB2guBn0UwRr0RW_iic0LY,2020-12-08,-29.0,-8.0,-31.0,-67.0,-49.0,19.0
680,CA,Canada,Ontario,Ottawa Division,,,,ChIJmcB2guBn0UwRr0RW_iic0LY,2020-12-09,-34.0,-11.0,-28.0,-68.0,-50.0,20.0
681,CA,Canada,Ontario,Ottawa Division,,,,ChIJmcB2guBn0UwRr0RW_iic0LY,2020-12-10,-25.0,0.0,-29.0,-64.0,-49.0,19.0
682,CA,Canada,Ontario,Ottawa Division,,,,ChIJmcB2guBn0UwRr0RW_iic0LY,2020-12-11,-27.0,-1.0,-14.0,-62.0,-45.0,19.0
683,CA,Canada,Ontario,Ottawa Division,,,,ChIJmcB2guBn0UwRr0RW_iic0LY,2020-12-12,-27.0,-3.0,-25.0,-55.0,-6.0,9.0
684,CA,Canada,Ontario,Ottawa Division,,,,ChIJmcB2guBn0UwRr0RW_iic0LY,2020-12-13,-20.0,2.0,-9.0,-58.0,-1.0,6.0
685,CA,Canada,Ontario,Ottawa Division,,,,ChIJmcB2guBn0UwRr0RW_iic0LY,2020-12-14,-27.0,-4.0,-26.0,-68.0,-53.0,19.0
686,CA,Canada,Ontario,Ottawa Division,,,,ChIJmcB2guBn0UwRr0RW_iic0LY,2020-12-15,-28.0,-6.0,-43.0,-67.0,-50.0,19.0
687,CA,Canada,Ontario,Ottawa Division,,,,ChIJmcB2guBn0UwRr0RW_iic0LY,2020-12-16,-30.0,-8.0,-45.0,-69.0,-50.0,20.0
688,CA,Canada,Ontario,Ottawa Division,,,,ChIJmcB2guBn0UwRr0RW_iic0LY,2020-12-17,-22.0,4.0,-36.0,-65.0,-49.0,19.0
689,CA,Canada,Ontario,Ottawa Division,,,,ChIJmcB2guBn0UwRr0RW_iic0LY,2020-12-18,-28.0,-3.0,-24.0,-62.0,-45.0,19.0
690,CA,Canada,Ontario,Ottawa Division,,,,ChIJmcB2guBn0UwRr0RW_iic0LY,2020-12-19,-20.0,5.0,-2.0,-50.0,-2.0,7.0
691,CA,Canada,Ontario,Ottawa Division,,,,ChIJmcB2guBn0UwRr0RW_iic0LY,2020-12-20,-21.0,2.0,5.0,-55.0,2.0,6.0
692,CA,Canada,Ontario,Ottawa Division,,,,ChIJmcB2guBn0UwRr0RW_iic0LY,2020-12-21,-8.0,25.0,-14.0,-65.0,-59.0,18.0
693,CA,Canada,Ontario,Ottawa Division,,,,ChIJmcB2guBn0UwRr0RW_iic0LY,2020-12-22,-9.0,30.0,-33.0,-65.0,-57.0,18.0
694,CA,Canada,Ontario,Ottawa Division,,,,ChIJmcB2guBn0UwRr0RW_iic0LY,2020-12-23,-9.0,40.0,-31.0,-66.0,-57.0,18.0
695,CA,Canada,Ontario,Ottawa Division,,,,ChIJmcB2guBn0UwRr0RW_iic0LY,2020-12-24,-26.0,28.0,-47.0,-70.0,-67.0,20.0
696,CA,Canada,Ontario,Ottawa Division,,,,ChIJmcB2guBn0UwRr0RW_iic0LY,2020-12-25,-88.0,-83.0,-49.0,-87.0,-85.0,28.0
697,CA,Canada,Ontario,Ottawa Division,,,,ChIJmcB2guBn0UwRr0RW_iic0LY,2020-12-26,-68.0,-50.0,-23.0,-74.0,-37.0,13.0
698,CA,Canada,Ontario,Ottawa Division,,,,ChIJmcB2guBn0UwRr0RW_iic0LY,2020-12-27,-53.0,-26.0,15.0,-69.0,-19.0,9.0
699,CA,Canada,Ontario,Ottawa Division,,,,ChIJmcB2guBn0UwRr0RW_iic0LY,2020-12-28,-53.0,-23.0,-28.0,-81.0,-78.0,27.0
700,CA,Canada,Ontario,Ottawa Division,,,,ChIJmcB2guBn0UwRr0RW_iic0LY,2020-12-29,-47.0,-10.0,-30.0,-77.0,-69.0,25.0
701,CA,Canada,Ontario,Ottawa Division,,,,ChIJmcB2guBn0UwRr0RW_iic0LY,2020-12-30,-46.0,-3.0,-26.0,-77.0,-69.0,26.0
702,CA,Canada,Ontario,Ottawa Division,,,,ChIJmcB2guBn0UwRr0RW_iic0LY,2020-12-31,-38.0,14.0,-16.0,-76.0,-71.0,25.0
703,CA,Canada,Ontario,Ottawa Division,,,,ChIJmcB2guBn0UwRr0RW_iic0LY,2021-01-01,-83.0,-77.0,-7.0,-86.0,-86.0,33.0
704,CA,Canada,Ontario,Ottawa Division,,,,ChIJmcB2guBn0UwRr0RW_iic0LY,2021-01-02,-54.0,-23.0,49.0,-65.0,-26.0,13.0
705,CA,Canada,Ontario,Ottawa Division,,,,ChIJmcB2guBn0UwRr0RW_iic0LY,2021-01-03,-48.0,-15.0,29.0,-65.0,-16.0,10.0
706,CA,Canada,Ontario,Ottawa Division,,,,ChIJmcB2guBn0UwRr0RW_iic0LY,2021-01-04,-47.0,-15.0,-24.0,-75.0,-62.0,23.0
707,CA,Canada,Ontario,Ottawa Division,,,,ChIJmcB2guBn0UwRr0RW_iic0LY,2021-01-05,-49.0,-17.0,-33.0,-73.0,-61.0,24.0
708,CA,Canada,Ontario,Ottawa Division,,,,ChIJmcB2guBn0UwRr0RW_iic0LY,2021-01-06,-50.0,-18.0,-33.0,-75.0,-60.0,24.0
709,CA,Canada,Ontario,Ottawa Division,,,,ChIJmcB2guBn0UwRr0RW_iic0LY,2021-01-07,-49.0,-15.0,-36.0,-74.0,-60.0,25.0
710,CA,Canada,Ontario,Ottawa Division,,,,ChIJmcB2guBn0UwRr0RW_iic0LY,2021-01-08,-52.0,-20.0,-27.0,-73.0,-57.0,25.0
711,CA,Canada,Ontario,Ottawa Division,,,,ChIJmcB2guBn0UwRr0RW_iic0LY,2021-01-09,-50.0,-13.0,25.0,-67.0,-20.0,12.0
712,CA,Canada,Ontario,Ottawa Division,,,,ChIJmcB2guBn0UwRr0RW_iic0LY,2021-01-10,-48.0,-14.0,25.0,-68.0,-17.0,9.0
713,CA,Canada,Ontario,Ottawa Division,,,,ChIJmcB2guBn0UwRr0RW_iic0LY,2021-01-11,-51.0,-20.0,-26.0,-76.0,-62.0,24.0
714,CA,Canada,Ontario,Ottawa Division,,,,ChIJmcB2guBn0UwRr0RW_iic0LY,2021-01-12,-50.0,-16.0,-33.0,-75.0,-60.0,24.0
715,CA,Canada,Ontario,Ottawa Division,,,,ChIJmcB2guBn0UwRr0RW_iic0LY,2021-01-13,-50.0,-16.0,-43.0,-75.0,-61.0,24.0
716,CA,Canada,Ontario,Ottawa Division,,,,ChIJmcB2guBn0UwRr0RW_iic0LY,2021-01-14,-57.0,-26.0,-46.0,-77.0,-64.0,26.0
717,CA,Canada,Ontario,Ottawa Division,,,,ChIJmcB2guBn0UwRr0RW_iic0LY,2021-01-15,-56.0,-20.0,-36.0,-76.0,-61.0,27.0
718,CA,Canada,Ontario,Ottawa Division,,,,ChIJmcB2guBn0UwRr0RW_iic0LY,2021-01-16,-66.0,-41.0,-6.0,-72.0,-33.0,15.0
719,CA,Canada,Ontario,Ottawa Division,,,,ChIJmcB2guBn0UwRr0RW_iic0LY,2021-01-17,-53.0,-21.0,12.0,-71.0,-25.0,11.0
720,CA,Canada,Ontario,Ottawa Division,,,,ChIJmcB2guBn0UwRr0RW_iic0LY,2021-01-18,-55.0,-27.0,-35.0,-78.0,-65.0,25.0
721,CA,Canada,Ontario,Ottawa Division,,,,ChIJmcB2guBn0UwRr0RW_iic0LY,2021-01-19,-56.0,-27.0,-44.0,-77.0,-64.0,25.0
722,CA,Canada,Ontario,Ottawa Division,,,,ChIJmcB2guBn0UwRr0RW_iic0LY,2021-01-20,-56.0,-26.0,-44.0,-78.0,-63.0,26.0
723,CA,Canada,Ontario,Ottawa Division,,,,ChIJmcB2guBn0UwRr0RW_iic0LY,2021-01-21,-57.0,-30.0,-44.0,-76.0,-64.0,26.0
724,CA,Canada,Ontario,Ottawa Division,,,,ChIJmcB2guBn0UwRr0RW_iic0LY,2021-01-22,-54.0,-21.0,-28.0,-75.0,-60.0,27.0
725,CA,Canada,Ontario,Ottawa Division,,,,ChIJmcB2guBn0UwRr0RW_iic0LY,2021-01-23,-54.0,-19.0,-18.0,-72.0,-27.0,13.0
726,CA,Canada,Ontario,Ottawa Division,,,,ChIJmcB2guBn0UwRr0RW_iic0LY,2021-01-24,-53.0,-21.0,-14.0,-74.0,-25.0,11.0
727,CA,Canada,Ontario,Ottawa Division,,,,ChIJmcB2guBn0UwRr0RW_iic0LY,2021-01-25,-55.0,-28.0,-37.0,-77.0,-65.0,25.0
728,CA,Canada,Ontario,Ottawa Division,,,,ChIJmcB2guBn0UwRr0RW_iic0LY,2021-01-26,-56.0,-27.0,-41.0,-77.0,-63.0,25.0
729,CA,Canada,Ontario,Ottawa Division,,,,ChIJmcB2guBn0UwRr0RW_iic0LY,2021-01-27,-55.0,-25.0,-32.0,-76.0,-63.0,25.0
730,CA,Canada,Ontario,Ottawa Division,,,,ChIJmcB2guBn0UwRr0RW_iic0LY,2021-01-28,-53.0,-22.0,-47.0,-76.0,-63.0,26.0
731,CA,Canada,Ontario,Ottawa Division,,,,ChIJmcB2guBn0UwRr0RW_iic0LY,2021-01-29,-55.0,-23.0,-43.0,-76.0,-60.0,27.0
732,CA,Canada,Ontario,Ottawa Division,,,,ChIJmcB2guBn0UwRr0RW_iic0LY,2021-01-30,-51.0,-15.0,3.0,-71.0,-25.0,13.0
733,CA,Canada,Ontario,Ottawa Division,,,,ChIJmcB2guBn0UwRr0RW_iic0LY,2021-01-31,-49.0,-15.0,18.0,-72.0,-22.0,10.0
734,CA,Canada,Ontario,Ottawa Division,,,,ChIJmcB2guBn0UwRr0RW_iic0LY,2021-02-01,-51.0,-20.0,-24.0,-76.0,-60.0,23.0
735,CA,Canada,Ontario,Ottawa Division,,,,ChIJmcB2guBn0UwRr0RW_iic0LY,2021-02-02,-53.0,-22.0,-33.0,-75.0,-59.0,23.0
736,CA,Canada,Ontario,Ottawa Division,,,,ChIJmcB2guBn0UwRr0RW_iic0LY,2021-02-03,-52.0,-20.0,-22.0,-76.0,-58.0,23.0
737,CA,Canada,Ontario,Ottawa Division,,,,ChIJmcB2guBn0UwRr0RW_iic0LY,2021-02-04,-48.0,-15.0,-10.0,-74.0,-58.0,23.0
738,CA,Canada,Ontario,Ottawa Division,,,,ChIJmcB2guBn0UwRr0RW_iic0LY,2021-02-05,-55.0,-25.0,-26.0,-75.0,-55.0,25.0
739,CA,Canada,Ontario,Ottawa Division,,,,ChIJmcB2guBn0UwRr0RW_iic0LY,2021-02-06,-49.0,-13.0,38.0,-71.0,-23.0,12.0
740,CA,Canada,Ontario,Ottawa Division,,,,ChIJmcB2guBn0UwRr0RW_iic0LY,2021-02-07,-50.0,-17.0,32.0,-73.0,-21.0,10.0
741,CA,Canada,Ontario,Ottawa Division,,,,ChIJmcB2guBn0UwRr0RW_iic0LY,2021-02-08,-52.0,-24.0,-25.0,-77.0,-60.0,22.0
742,CA,Canada,Ontario,Ottawa Division,,,,ChIJmcB2guBn0UwRr0RW_iic0LY,2021-02-09,-52.0,-21.0,-28.0,-75.0,-57.0,23.0
743,CA,Canada,Ontario,Ottawa Division,,,,ChIJmcB2guBn0UwRr0RW_iic0LY,2021-02-10,-52.0,-19.0,-25.0,-76.0,-57.0,23.0
744,CA,Canada,Ontario,Ottawa Division,,,,ChIJmcB2guBn0UwRr0RW_iic0LY,2021-02-11,-48.0,-13.0,-35.0,-74.0,-57.0,24.0
745,CA,Canada,Ontario,Ottawa Division,,,,ChIJmcB2guBn0UwRr0RW_iic0LY,2021-02-12,-52.0,-16.0,-39.0,-75.0,-55.0,25.0
746,CA,Canada,Ontario,Ottawa Division,,,,ChIJmcB2guBn0UwRr0RW_iic0LY,2021-02-13,-48.0,-4.0,-4.0,-70.0,-22.0,12.0
747,CA,Canada,Ontario,Ottawa Division,,,,ChIJmcB2guBn0UwRr0RW_iic0LY,2021-02-14,-37.0,6.0,77.0,-68.0,-13.0,8.0
748,CA,Canada,Ontario,Ottawa Division,,,,ChIJmcB2guBn0UwRr0RW_iic0LY,2021-02-15,-73.0,-61.0,12.0,-85.0,-83.0,29.0
749,CA,Canada,Ontario,Ottawa Division,,,,ChIJmcB2guBn0UwRr0RW_iic0LY,2021-02-16,-47.0,-21.0,-52.0,-72.0,-59.0,23.0
750,CA,Canada,Ontario,Ottawa Division,,,,ChIJmcB2guBn0UwRr0RW_iic0LY,2021-02-17,-36.0,-7.0,-28.0,-70.0,-53.0,20.0
751,CA,Canada,Ontario,Ottawa Division,,,,ChIJmcB2guBn0UwRr0RW_iic0LY,2021-02-18,-34.0,-9.0,-30.0,-69.0,-53.0,21.0
752,CA,Canada,Ontario,Ottawa Division,,,,ChIJmcB2guBn0UwRr0RW_iic0LY,2021-02-19,-40.0,-16.0,-27.0,-68.0,-49.0,21.0
753,CA,Canada,Ontario,Ottawa Division,,,,ChIJmcB2guBn0UwRr0RW_iic0LY,2021-02-20,-26.0,-3.0,46.0,-57.0,-8.0,8.0
754,CA,Canada,Ontario,Ottawa Division,,,,ChIJmcB2guBn0UwRr0RW_iic0LY,2021-02-21,-25.0,-2.0,62.0,-60.0,-5.0,6.0
755,CA,Canada,Ontario,Ottawa Division,,,,ChIJmcB2guBn0UwRr0RW_iic0LY,2021-02-22,-43.0,-22.0,-34.0,-73.0,-55.0,21.0
756,CA,Canada,Ontario,Ottawa Division,,,,ChIJmcB2guBn0UwRr0RW_iic0LY,2021-02-23,-38.0,-13.0,-40.0,-71.0,-53.0,21.0
757,CA,Canada,Ontario,Ottawa Division,,,,ChIJmcB2guBn0UwRr0RW_iic0LY,2021-02-24,-42.0,-21.0,-42.0,-72.0,-53.0,21.0
758,CA,Canada,Ontario,Ottawa Division,,,,ChIJmcB2guBn0UwRr0RW_iic0LY,2021-02-25,-35.0,-11.0,-35.0,-69.0,-52.0,21.0
759,CA,Canada,Ontario,Ottawa Division,,,,ChIJmcB2guBn0UwRr0RW_iic0LY,2021-02-26,-35.0,-8.0,-17.0,-66.0,-48.0,20.0
760,CA,Canada,Ontario,Ottawa Division,,,,ChIJmcB2guBn0UwRr0RW_iic0LY,2021-02-27,-35.0,-15.0,-10.0,-61.0,-10.0,9.0
761,CA,Canada,Ontario,Ottawa Division,,,,ChIJmcB2guBn0UwRr0RW_iic0LY,2021-02-28,-21.0,1.0,28.0,-58.0,-3.0,6.0
762,CA,Canada,Ontario,Ottawa Division,,,,ChIJmcB2guBn0UwRr0RW_iic0LY,2021-03-01,-35.0,-14.0,-39.0,-71.0,-55.0,20.0
763,CA,Canada,Ontario,Ottawa Division,,,,ChIJmcB2guBn0UwRr0RW_iic0LY,2021-03-02,-37.0,-16.0,-47.0,-72.0,-53.0,21.0
